-- ============================================================
-- ESCOM ETS — Migración completa
-- Generado automáticamente. Ejecutar en Supabase SQL Editor.
-- ============================================================

-- Habilitar extensión UUID
CREATE EXTENSION IF NOT EXISTS "uuid-ossp";

-- ============================================================
-- DDL — Creación de tablas
-- ============================================================

CREATE TABLE IF NOT EXISTS usuario (
  id_usuario      UUID PRIMARY KEY DEFAULT uuid_generate_v4(),
  correo          TEXT UNIQUE NOT NULL,
  nombre          TEXT NOT NULL,
  apellidopaterno TEXT NOT NULL,
  apellidomaterno TEXT NOT NULL DEFAULT '',
  passwordhash    TEXT NOT NULL DEFAULT '',
  activo          BOOLEAN NOT NULL DEFAULT TRUE
);

CREATE TABLE IF NOT EXISTS carrera (
  id_carrera UUID PRIMARY KEY DEFAULT uuid_generate_v4(),
  nombre     TEXT NOT NULL,
  acronimo   TEXT NOT NULL,
  activo     BOOLEAN NOT NULL DEFAULT TRUE
);

CREATE TABLE IF NOT EXISTS planestudios (
  id_plan UUID PRIMARY KEY DEFAULT uuid_generate_v4(),
  nombre  TEXT NOT NULL
);

CREATE TABLE IF NOT EXISTS academia (
  id_academia UUID PRIMARY KEY DEFAULT uuid_generate_v4(),
  nombre      TEXT NOT NULL,
  acronimo    TEXT NOT NULL,
  id_carrera  UUID REFERENCES carrera(id_carrera) ON DELETE SET NULL
);

CREATE TABLE IF NOT EXISTS edificio (
  id_edificio UUID PRIMARY KEY DEFAULT uuid_generate_v4(),
  numero      TEXT NOT NULL
);

CREATE TABLE IF NOT EXISTS salon (
  id_salon    UUID PRIMARY KEY DEFAULT uuid_generate_v4(),
  codigo      TEXT NOT NULL,
  piso        TEXT NOT NULL DEFAULT '',
  id_edificio UUID REFERENCES edificio(id_edificio) ON DELETE SET NULL
);

CREATE TABLE IF NOT EXISTS materia (
  id_materia UUID PRIMARY KEY DEFAULT uuid_generate_v4(),
  nombre     TEXT NOT NULL
);

CREATE TABLE IF NOT EXISTS carrera_materia (
  id_carrera_materia UUID PRIMARY KEY DEFAULT uuid_generate_v4(),
  id_carrera         UUID REFERENCES carrera(id_carrera) ON DELETE CASCADE,
  id_plan            UUID REFERENCES planestudios(id_plan) ON DELETE CASCADE,
  id_materia         UUID REFERENCES materia(id_materia) ON DELETE CASCADE,
  semestre           INTEGER NOT NULL,
  id_academia        UUID REFERENCES academia(id_academia) ON DELETE SET NULL
);

CREATE TABLE IF NOT EXISTS jefeacademia (
  id_jefeacademia UUID PRIMARY KEY DEFAULT uuid_generate_v4(),
  id_usuario      UUID REFERENCES usuario(id_usuario) ON DELETE CASCADE
);

CREATE TABLE IF NOT EXISTS periodoets (
  id_periodoets UUID PRIMARY KEY DEFAULT uuid_generate_v4(),
  nombre        TEXT NOT NULL
);

CREATE TABLE IF NOT EXISTS ets (
  id_ets             UUID PRIMARY KEY DEFAULT uuid_generate_v4(),
  fechahorainicio    TIMESTAMPTZ NOT NULL,
  fechahorafin       TIMESTAMPTZ NOT NULL,
  turno              TEXT NOT NULL,
  estado             TEXT NOT NULL DEFAULT 'activo',
  id_periodoets      UUID REFERENCES periodoets(id_periodoets) ON DELETE SET NULL,
  id_salon           UUID REFERENCES salon(id_salon) ON DELETE SET NULL,
  id_carrera_materia UUID REFERENCES carrera_materia(id_carrera_materia) ON DELETE CASCADE,
  id_jefeacademia    UUID REFERENCES jefeacademia(id_jefeacademia) ON DELETE SET NULL
);

CREATE TABLE IF NOT EXISTS alumno (
  id_alumno  UUID PRIMARY KEY,
  boleta     TEXT UNIQUE NOT NULL,
  id_carrera UUID REFERENCES carrera(id_carrera),
  id_plan    UUID REFERENCES planestudios(id_plan),
  id_usuario UUID REFERENCES usuario(id_usuario)
);

CREATE TABLE IF NOT EXISTS inscripcionets (
  id_inscripcionets TEXT PRIMARY KEY,
  id_ets            UUID REFERENCES ets(id_ets) ON DELETE CASCADE,
  id_alumno         UUID REFERENCES alumno(id_alumno) ON DELETE CASCADE,
  estado            TEXT NOT NULL DEFAULT 'pendiente',
  calificacion      NUMERIC,
  resultado         TEXT,
  fechainscripcion  DATE
);


-- ============================================================
-- DATOS — Catálogos base
-- ============================================================

-- Edificios
INSERT INTO edificio (id_edificio, numero) VALUES
  ('755174c3-604e-4b1f-aaf0-a3810f52f5dd', '1'),
  ('72032862-9b55-44fe-a255-b0d853cb1cb4', '2'),
  ('7d799ae6-e3a8-42bf-9a18-b78ea554c6f7', '3'),
  ('f910c66c-3f7b-4a7b-aa73-1cc3bc056833', '4'),
  ('e4157acc-d821-41da-8594-eb46506a3068', 'X');

-- Salones
INSERT INTO salon (id_salon, codigo, piso, id_edificio) VALUES
  ('85e3fb96-09c0-4edd-88ae-e52210de3590', '1007', '0', '755174c3-604e-4b1f-aaf0-a3810f52f5dd'),
  ('951b5c20-24f1-42c8-8e96-ad33fc61c483', '1111', '1', '755174c3-604e-4b1f-aaf0-a3810f52f5dd'),
  ('12345f94-468c-48af-8fc6-d5ee3d2d01ff', '1113', '1', '755174c3-604e-4b1f-aaf0-a3810f52f5dd'),
  ('71733d65-be3e-4c89-9650-781cd2d74cfa', '1206', '2', '755174c3-604e-4b1f-aaf0-a3810f52f5dd'),
  ('eca8ac08-cc60-4fb9-b154-3e9074b97ff7', '2002', '0', '72032862-9b55-44fe-a255-b0d853cb1cb4'),
  ('dcf39c20-f64b-4e6b-b21c-e83c8697811f', '2003', '0', '72032862-9b55-44fe-a255-b0d853cb1cb4'),
  ('609a8e31-f949-48c3-adc1-40c889eb8890', '2004', '0', '72032862-9b55-44fe-a255-b0d853cb1cb4'),
  ('7c23f042-6085-46a6-a1ea-5ceb11f4d12c', '2109', '1', '72032862-9b55-44fe-a255-b0d853cb1cb4'),
  ('cd54d5b3-0597-4df1-afe3-40dfffcb471b', '2110', '1', '72032862-9b55-44fe-a255-b0d853cb1cb4'),
  ('e3cd30b8-53d6-4ba8-a282-9f82a0c7b8e8', '2202', '2', '72032862-9b55-44fe-a255-b0d853cb1cb4'),
  ('7bbe487e-0874-4faa-95bf-adcd49bebaa7', '2203', '2', '72032862-9b55-44fe-a255-b0d853cb1cb4'),
  ('86a1c416-916c-47f0-9b65-c1ef6c20f4a5', '2204', '2', '72032862-9b55-44fe-a255-b0d853cb1cb4'),
  ('4f25976c-5556-409f-86b6-7c326631ead3', '2206', '2', '72032862-9b55-44fe-a255-b0d853cb1cb4'),
  ('cd5a9821-47aa-4aa5-a4a1-a3a23efc341a', '2213', '2', '72032862-9b55-44fe-a255-b0d853cb1cb4'),
  ('342bbaf8-13a5-4c45-86b3-73784aaf7831', '3008', '0', '7d799ae6-e3a8-42bf-9a18-b78ea554c6f7'),
  ('29e9e8d3-d5ea-4850-8a2e-4a896d608099', '3009', '0', '7d799ae6-e3a8-42bf-9a18-b78ea554c6f7'),
  ('77221ecf-7e1a-4465-a7eb-7cb706f18af7', '3010', '0', '7d799ae6-e3a8-42bf-9a18-b78ea554c6f7'),
  ('d4894971-0502-4709-a82a-d50c0e727291', '3108', '1', '7d799ae6-e3a8-42bf-9a18-b78ea554c6f7'),
  ('324865a5-1396-4734-a310-b22e26c084af', '3111', '1', '7d799ae6-e3a8-42bf-9a18-b78ea554c6f7'),
  ('94641008-ac8f-40bf-a5f1-07a5214b0c88', '3113', '1', '7d799ae6-e3a8-42bf-9a18-b78ea554c6f7'),
  ('df439973-ffca-4a51-aeac-3994129b23b2', '3210', '2', '7d799ae6-e3a8-42bf-9a18-b78ea554c6f7'),
  ('47ba6602-6a92-4449-b039-ae327d171301', '4008', '0', 'f910c66c-3f7b-4a7b-aa73-1cc3bc056833'),
  ('0359a2ab-803e-4034-8ba1-65c6e845b0a0', '4011', '0', 'f910c66c-3f7b-4a7b-aa73-1cc3bc056833'),
  ('2cda9850-5f92-4e2c-b5a4-e6d3e9c5371b', '4209', '2', 'f910c66c-3f7b-4a7b-aa73-1cc3bc056833'),
  ('87fe9885-ed50-4dff-a7c2-0b8bdd04cb0f', 'X', '', 'e4157acc-d821-41da-8594-eb46506a3068');

-- Carreras
INSERT INTO carrera (id_carrera, nombre, acronimo, activo) VALUES
  ('609ff2de-7bc7-4288-bb40-925af48df292', 'Ingeniería en Sistemas Computacionales', 'ISC', TRUE),
  ('a637873f-8a89-4f2d-a876-98500c118489', 'Licenciatura en Ciencia de Datos', 'LCD', TRUE),
  ('86f05125-991a-4a46-8a42-d17b299c807e', 'Ingeniería en Inteligencia Artificial', 'IIA', TRUE);

-- Planes de estudio
INSERT INTO planestudios (id_plan, nombre) VALUES
  ('8cf56119-e614-432a-8a3a-966e0d0ce736', 'Plan 2021'),
  ('68fd3388-47ff-4ab8-b949-2d487c3bd844', 'Plan 2021'),
  ('89992ba7-5e69-40fd-b963-aca6c03a101c', 'Plan 2021');

-- Academias
INSERT INTO academia (id_academia, nombre, acronimo, id_carrera) VALUES
  ('33a589be-7503-46c4-bc1b-5f0b761d867b', 'Academia de ISC', 'ISC', '609ff2de-7bc7-4288-bb40-925af48df292'),
  ('93e61441-e952-4757-99cc-74fa72a54e47', 'Academia de LCD', 'LCD', 'a637873f-8a89-4f2d-a876-98500c118489'),
  ('9efe7c52-4e28-4466-b0aa-35ebcd37cc55', 'Academia de IIA', 'IIA', '86f05125-991a-4a46-8a42-d17b299c807e');

-- Usuarios (profesores)
INSERT INTO usuario (id_usuario, correo, nombre, apellidopaterno, apellidomaterno, activo) VALUES
  ('86106fde-5289-4b2c-8e59-c6179ff53a44', 'resendiz.munozrocio@escom.ipn.mx', 'ROCIO', 'RESENDIZ', 'MUÑOZ', TRUE),
  ('79de458e-8f2b-4145-a38b-38185c51c29b', 'herrera.yanezcrispin@escom.ipn.mx', 'CRISPIN', 'HERRERA', 'YAÑEZ', TRUE),
  ('ec94f228-6c35-48b0-94f2-557a172bd879', 'dorantes.villaclaudiajisela@escom.ipn.mx', 'CLAUDIA JISELA', 'DORANTES', 'VILLA', TRUE),
  ('353130c0-9289-4082-bbbf-9db77ef1fdef', 'guzman.aguilarflorencio@escom.ipn.mx', 'FLORENCIO', 'GUZMAN', 'AGUILAR', TRUE),
  ('a6fb517b-29a1-4549-875f-0628080e14cb', 'sanchez.morenoadrianadelap@escom.ipn.mx', 'ADRIANA DE LA P', 'SANCHEZ', 'MORENO', TRUE),
  ('b18c61b6-b2d1-4a8d-9cff-1e657f723e0e', 'tecla.parraroberto@escom.ipn.mx', 'ROBERTO', 'TECLA', 'PARRA', TRUE),
  ('f72a8140-1313-4dd0-bb81-751bc10bea88', 'viveros.velakarina@escom.ipn.mx', 'KARINA', 'VIVEROS', 'VELA', TRUE),
  ('707c09a9-515c-457d-b154-b55e340734ca', 'salinas.hernandezencarnacion@escom.ipn.mx', 'ENCARNACION', 'SALINAS', 'HERNANDEZ', TRUE),
  ('1a43cf2d-7a98-4c99-b0bf-64ad4871e813', 'arredondo.sanchezanalaura@escom.ipn.mx', 'ANA LAURA', 'ARREDONDO', 'SANCHEZ', TRUE),
  ('a753bb41-2a24-47fa-892d-6f8bddac60c1', 'castillo.marrufojuanantonio@escom.ipn.mx', 'JUAN ANTONIO', 'CASTILLO', 'MARRUFO', TRUE),
  ('dc9f00ce-fa14-4ad0-8364-9f10faca2800', 'diaz.santiagoricardofelipe@escom.ipn.mx', 'RICARDO FELIPE', 'DIAZ', 'SANTIAGO', TRUE),
  ('bce74587-035d-45cf-b552-62d703b0631d', 'davalos.lopezjosecarlos@escom.ipn.mx', 'JOSE CARLOS', 'DAVALOS', 'LOPEZ', TRUE),
  ('63eb0ff9-4e24-4cbf-a4b0-b39f76bbdb81', 'silva.martinezjorgejavier@escom.ipn.mx', 'JORGE JAVIER', 'SILVA', 'MARTINEZ', TRUE),
  ('9e91a58a-4b0b-4868-ae27-ac1cc2c69191', 'diaz.toalaivan@escom.ipn.mx', 'IVAN', 'DIAZ', 'TOALA', TRUE),
  ('f32fa28e-bfd5-4045-8366-64f3fca70614', 'alcantara.mendezalbertojesus@escom.ipn.mx', 'ALBERTO JESUS', 'ALCANTARA', 'MENDEZ', TRUE),
  ('4378f7bd-3aef-4c56-bef7-50711ce14cfb', 'chavarria.baezlorena@escom.ipn.mx', 'LORENA', 'CHAVARRIA', 'BAEZ', TRUE),
  ('b30d2045-ce8d-4ad8-82e2-36b186ccbfb2', 'galinanes.rodriguezmariagabriela@escom.ipn.mx', 'MARIA GABRIELA', 'GALIÑANES', 'RODRIGUEZ', TRUE),
  ('1187a6f8-0485-45b0-8e16-d113e04e7204', 'juarez.martinezgenaro@escom.ipn.mx', 'GENARO', 'JUAREZ', 'MARTINEZ', TRUE),
  ('a6aa0927-7e7a-4fa3-af83-6fcd190cf57f', 'chavez.limaeduardo@escom.ipn.mx', 'EDUARDO', 'CHAVEZ', 'LIMA', TRUE),
  ('079a248d-6716-42de-89f8-abaa7c910a8d', 'cervantes.espinosaluismoctezuma@escom.ipn.mx', 'LUIS MOCTEZUMA', 'CERVANTES', 'ESPINOSA', TRUE),
  ('27d476cf-e777-4b3c-b97c-4814cef713e6', 'testa.navaalexis@escom.ipn.mx', 'ALEXIS', 'TESTA', 'NAVA', TRUE),
  ('c0bdb3b9-4f59-44ad-805f-8feafd6e56c0', 'duran.camarilloedmundorene@escom.ipn.mx', 'EDMUNDO RENE', 'DURAN', 'CAMARILLO', TRUE),
  ('a82eb8f0-bef8-42fb-8827-06203ca45106', 'bautista.rosalessandraivette@escom.ipn.mx', 'SANDRA IVETTE', 'BAUTISTA', 'ROSALES', TRUE),
  ('d17338e8-6d2f-4d11-86bd-8a5056a7b7bc', 'cortes.galiciajorge@escom.ipn.mx', 'JORGE', 'CORTES', 'GALICIA', TRUE),
  ('0fcf3806-abf2-4885-bfea-89793eacba70', 'ortigoza.camposandres@escom.ipn.mx', 'ANDRES', 'ORTIGOZA', 'CAMPOS', TRUE),
  ('296f997e-1992-465c-aeb6-4164cf779c5f', 'mujica.ascenciocesar@escom.ipn.mx', 'CESAR', 'MUJICA', 'ASCENCIO', TRUE),
  ('5ee3555b-4bb0-4f93-8949-4d03536d2f62', 'gomez.mayorgamargaritaelizabeth@escom.ipn.mx', 'MARGARITA ELIZABETH', 'GOMEZ', 'MAYORGA', TRUE),
  ('8bac239d-b8cd-4b32-b43b-0c69dfcfb737', 'ortega.gonzalezruben@escom.ipn.mx', 'RUBEN', 'ORTEGA', 'GONZALEZ', TRUE),
  ('3af53d64-8a55-46b3-b3cc-9a2c2ba1f5e4', 'peredo.valderramaruben@escom.ipn.mx', 'RUBEN', 'PEREDO', 'VALDERRAMA', TRUE),
  ('0889c4d0-3398-461b-9154-6deb46cc2694', 'rodriguez.floreseduardo@escom.ipn.mx', 'EDUARDO', 'RODRIGUEZ', 'FLORES', TRUE),
  ('107b8f1c-f6f3-4447-8552-57bc764c105a', 'alcaraz.torresjuanjesus@escom.ipn.mx', 'JUAN JESUS', 'ALCARAZ', 'TORRES', TRUE),
  ('e6b42e11-cbcd-4569-bf08-9c8bb0b1c600', 'roman.godinezrodrigofrancisco@escom.ipn.mx', 'RODRIGO FRANCISCO', 'ROMAN', 'GODINEZ', TRUE),
  ('48e79dea-d2ff-4191-a865-e07055ba24c0', 'aguilar.sanchezfernando@escom.ipn.mx', 'FERNANDO', 'AGUILAR', 'SANCHEZ', TRUE),
  ('4d870810-f9ab-4bd3-82ae-14fed8929055', 'marquez.arreguinguillermo@escom.ipn.mx', 'GUILLERMO', 'MARQUEZ', 'ARREGUIN', TRUE),
  ('8813033e-f30e-411d-a97e-2b577fc2caee', 'cortez.duartenidiaasuncion@escom.ipn.mx', 'NIDIA ASUNCION', 'CORTEZ', 'DUARTE', TRUE),
  ('0f976b10-4890-4e50-a78c-d376e9fb69c9', 'lopez.rojasariel@escom.ipn.mx', 'ARIEL', 'LOPEZ', 'ROJAS', TRUE),
  ('d407f4ac-a840-4c82-bfb6-df8736b5a7b5', 'rojas.mexicanoismael@escom.ipn.mx', 'ISMAEL', 'ROJAS', 'MEXICANO', TRUE),
  ('fc127863-5be3-4f9a-a4f6-4425887052ec', 'moreno.cervantesaxelernesto@escom.ipn.mx', 'AXEL ERNESTO', 'MORENO', 'CERVANTES', TRUE),
  ('f6597eaf-e15a-4901-ab59-9567ec7b6521', 'carreto.arellanochadwick@escom.ipn.mx', 'CHADWICK', 'CARRETO', 'ARELLANO', TRUE),
  ('4a5cac76-4b53-48e9-9460-f1dd18923208', 'lerma.maganacarlos@escom.ipn.mx', 'CARLOS', 'LERMA', 'MAGANA', TRUE),
  ('58fc36ba-7120-4a8c-805b-d34c6fe8bbf7', 'diaz.santiagosandra@escom.ipn.mx', 'SANDRA', 'DIAZ', 'SANTIAGO', TRUE),
  ('d1e9de0e-d4b3-4000-8ba8-12c2f7d945e6', 'rivera.delarosamonica@escom.ipn.mx', 'LA ROSA MONICA', 'RIVERA', 'DE', TRUE),
  ('f8d5d939-7ccd-4e0b-88ca-91ae5b05f32a', 'martinez.rosalesricardo@escom.ipn.mx', 'RICARDO', 'MARTINEZ', 'ROSALES', TRUE),
  ('ed3d57f7-497f-4794-9aa3-9fdf63585d5b', 'centeno.arrazolamariasoledad@escom.ipn.mx', 'MARIA SOLEDAD', 'CENTENO', 'ARRAZOLA', TRUE),
  ('4fa22bb2-fe7d-474f-a550-43ab14c84b92', 'maldonado.munozmiguelangel@escom.ipn.mx', 'MIGUEL ANGEL', 'MALDONADO', 'MUÑOZ', TRUE),
  ('48d40102-4553-41dd-8902-e2c3190595e6', 'dorantes.corderomarthamargarita@escom.ipn.mx', 'MARTHA MARGARITA', 'DORANTES', 'CORDERO', TRUE),
  ('2092a6e2-e2e3-47b8-b4e1-945066d17216', 'suarez.castanonmiguelsantiago@escom.ipn.mx', 'MIGUEL SANTIAGO', 'SUAREZ', 'CASTANON', TRUE),
  ('2230ab48-b5d0-47de-816d-26768da8e94a', 'gonzalez.cisnerosalejandro@escom.ipn.mx', 'ALEJANDRO', 'GONZALEZ', 'CISNEROS', TRUE),
  ('ddced41c-8400-4d1e-b965-768f0c1d6515', 'ramirez.guzmanaliciamarcela@escom.ipn.mx', 'ALICIA MARCELA', 'RAMIREZ', 'GUZMAN', TRUE),
  ('30d382cf-3585-46c7-816b-12f43cb80515', 'martinez.garciacesarroman@escom.ipn.mx', 'CESAR ROMAN', 'MARTINEZ', 'GARCIA', TRUE),
  ('f5a2ece6-00ba-406d-bb2e-2137d6f0d4be', 'ramirez.tenoriorafael@escom.ipn.mx', 'RAFAEL', 'RAMIREZ', 'TENORIO', TRUE),
  ('eac91476-542e-4a78-a0b9-779abdca021f', 'sanchez.garcialuzmaria@escom.ipn.mx', 'LUZ MARIA', 'SANCHEZ', 'GARCIA', TRUE),
  ('1f0adc62-3ce6-4e8b-aafd-842dd23b8f73', 'ramirez.moralesmarioaugusto@escom.ipn.mx', 'MARIO AUGUSTO', 'RAMIREZ', 'MORALES', TRUE),
  ('01bdc229-1439-4af1-81be-2345269b2f30', 'velez.saldanaulises@escom.ipn.mx', 'ULISES', 'VELEZ', 'SALDANA', TRUE),
  ('9f243674-f56a-48ca-a2c3-78bb7c5d552d', 'cruz.rojasjorgealberto@escom.ipn.mx', 'JORGE ALBERTO', 'CRUZ', 'ROJAS', TRUE),
  ('7051bf0a-d0b3-4016-940a-d3f3d8d37d87', 'gutierrez.aldanaeduardo@escom.ipn.mx', 'EDUARDO', 'GUTIERREZ', 'ALDANA', TRUE),
  ('0b0c04da-92c3-4f9c-89ad-8f18172a1fe9', 'cruz.torresbenjamin@escom.ipn.mx', 'BENJAMIN', 'CRUZ', 'TORRES', TRUE),
  ('dacb8df9-15b2-4e96-a0b5-7922aedb8382', 'lopez.gomezalejandro@escom.ipn.mx', 'ALEJANDRO', 'LOPEZ', 'GOMEZ', TRUE),
  ('8f0ca86e-1ccf-4f35-b139-a0480dea50d4', 'portillo.cedillomanuel@escom.ipn.mx', 'MANUEL', 'PORTILLO', 'CEDILLO', TRUE),
  ('2ec1ce7d-9f83-426c-9993-dc0218a56fb8', 'garcia.blanquelclaudia@escom.ipn.mx', 'CLAUDIA', 'GARCIA', 'BLANQUEL', TRUE),
  ('d6d4e0c6-8a00-4895-a474-aa1b75cc5005', 'reyes.veraabdiel@escom.ipn.mx', 'ABDIEL', 'REYES', 'VERA', TRUE),
  ('886cd417-f50d-4712-adfe-8f3acf1532b7', 'ocampo.botellofabiola@escom.ipn.mx', 'FABIOLA', 'OCAMPO', 'BOTELLO', TRUE),
  ('eaba0834-5ae9-434f-a02f-167a2d3304be', 'rangel.nahumcarlosalexis@escom.ipn.mx', 'CARLOS ALEXIS', 'RANGEL', 'NAHUM', TRUE),
  ('8f86117b-f4c0-4102-84e3-9e06cff0ed94', 'diaz.sanchezhugo@escom.ipn.mx', 'HUGO', 'DIAZ', 'SANCHEZ', TRUE),
  ('55cd8753-2238-4134-bfef-0b288836c52f', 'saldivar.almorejomariamagdalena@escom.ipn.mx', 'MARIA MAGDALENA', 'SALDIVAR', 'ALMOREJO', TRUE),
  ('7b99f8ba-45a6-4dee-85ba-73ff6673e575', 'ortiz.castillomarcoantonio@escom.ipn.mx', 'MARCO ANTONIO', 'ORTIZ', 'CASTILLO', TRUE),
  ('71780e41-3c87-4d5b-a9e8-211e25c6b7da', 'nunez.pradocesarjesus@escom.ipn.mx', 'CESAR JESUS', 'NUNEZ', 'PRADO', TRUE),
  ('64674b07-a31c-4cab-adee-e4beaac8e699', 'torres.ruizmigueljesus@escom.ipn.mx', 'MIGUEL JESUS', 'TORRES', 'RUIZ', TRUE),
  ('7404dbb5-079e-4e34-816c-48d1e42a722e', 'garcia.cortesrocio@escom.ipn.mx', 'ROCIO', 'GARCIA', 'CORTES', TRUE),
  ('ce844313-c1bd-4ac3-a693-efeb05c6c218', 'rodriguez.sarabiatania@escom.ipn.mx', 'TANIA', 'RODRIGUEZ', 'SARABIA', TRUE),
  ('3fb46d55-cc74-4ec2-8be9-d72985b2af0b', 'guzman.floresjessiepaulina@escom.ipn.mx', 'JESSIE PAULINA', 'GUZMAN', 'FLORES', TRUE),
  ('f8df57ba-509a-4cac-9354-8120acae2efa', 'garcia.salashoracioalberto@escom.ipn.mx', 'HORACIO ALBERTO', 'GARCIA', 'SALAS', TRUE),
  ('47e43ded-4e28-48e6-8185-c2962ca45dbf', 'ramirez.martinezeliatzindejhe@escom.ipn.mx', 'ELIA TZINDEJHE', 'RAMIREZ', 'MARTINEZ', TRUE),
  ('592fc08b-79b2-4cd9-a3ba-51f827bf60c0', 'mendoza.maciaselba@escom.ipn.mx', 'ELBA', 'MENDOZA', 'MACIAS', TRUE),
  ('c853c4c8-188f-4c78-a83c-c251a021e4ae', 'rueda.melendezjosemarcoantonio@escom.ipn.mx', 'JOSE MARCO ANTONIO', 'RUEDA', 'MELENDEZ', TRUE),
  ('9443803d-f0e4-4c40-9df2-4c5812d6d0d4', 'vazquez.arreguinroberto@escom.ipn.mx', 'ROBERTO', 'VAZQUEZ', 'ARREGUIN', TRUE),
  ('4fd59c02-bd2f-44fa-8e7f-0623790274ee', 'hernandez.vasquezcesar@escom.ipn.mx', 'CESAR', 'HERNANDEZ', 'VASQUEZ', TRUE),
  ('0dfbdd4a-4b19-43f0-9496-3c199400c29b', 'martinez.acostalilian@escom.ipn.mx', 'LILIAN', 'MARTINEZ', 'ACOSTA', TRUE),
  ('8d9bb898-738e-4a7d-b7fe-9de256447f9d', 'rodriguez.castillomiguelangel@escom.ipn.mx', 'MIGUEL ANGEL', 'RODRIGUEZ', 'CASTILLO', TRUE),
  ('33389cef-c75a-4ac6-a89c-599418d5f0af', 'garcia.salesjuanvicente@escom.ipn.mx', 'JUAN VICENTE', 'GARCIA', 'SALES', TRUE),
  ('a106ac36-fb13-4b12-81b3-1fe0e71cf4ae', 'carballo.jimenezjuanmanuel@escom.ipn.mx', 'JUAN MANUEL', 'CARBALLO', 'JIMENEZ', TRUE),
  ('36305587-cba0-4ab0-b811-8b793fb46418', 'hernandez.rubioerika@escom.ipn.mx', 'ERIKA', 'HERNANDEZ', 'RUBIO', TRUE),
  ('e48fa069-9564-481f-a858-f3f73ba6e5e9', 'lopez.rodriguezclaudiaalejandra@escom.ipn.mx', 'CLAUDIA ALEJANDRA', 'LOPEZ', 'RODRIGUEZ', TRUE),
  ('6ef793e5-f2ad-4efc-9212-23dd44d15c4d', 'gonzalez.albarrangisela@escom.ipn.mx', 'GISELA', 'GONZALEZ', 'ALBARRAN', TRUE),
  ('65f57bcc-5730-46a2-86cd-7bbcaab15cdd', 'salazar.urbinaalvaro@escom.ipn.mx', 'ALVARO', 'SALAZAR', 'URBINA', TRUE),
  ('afeee30f-2581-477b-8a53-8858ac4b9c1c', 'ruiz.ledesmaelenafabiola@escom.ipn.mx', 'ELENA FABIOLA', 'RUIZ', 'LEDESMA', TRUE),
  ('04dfbe1d-44e9-4d28-a821-7762bacc4ba5', 'melara.abarcareynaelia@escom.ipn.mx', 'REYNA ELIA', 'MELARA', 'ABARCA', TRUE),
  ('96a5c701-a6fc-44a4-856a-1b9277775236', 'cruz.mezamariaelena@escom.ipn.mx', 'MARIA ELENA', 'CRUZ', 'MEZA', TRUE),
  ('3343a2c8-b25a-49ca-ab48-b397dcd7809c', 'martinez.hernandezguadalupeanagabriela@escom.ipn.mx', 'GUADALUPE ANA GABRIELA', 'MARTINEZ', 'HERNANDEZ', TRUE),
  ('e51fc4fe-c378-48c4-a595-16d70291b6d1', 'serrano.talamantesjosefelix@escom.ipn.mx', 'JOSE FELIX', 'SERRANO', 'TALAMANTES', TRUE),
  ('5dd54745-c740-4d21-bc59-e8834eecb606', 'luna.benosobenjamin@escom.ipn.mx', 'BENJAMIN', 'LUNA', 'BENOSO', TRUE),
  ('73e014c9-3269-4f77-908a-d37d79ca3d63', 'uriarte.arciaabrilvaleria@escom.ipn.mx', 'ABRIL VALERIA', 'URIARTE', 'ARCIA', TRUE),
  ('69b9dbd4-5e61-4379-96d1-13e0154c6a9a', 'moreno.galvanelizabeth@escom.ipn.mx', 'ELIZABETH', 'MORENO', 'GALVAN', TRUE),
  ('afc317e5-9cb1-4d15-bb23-7e4b3f1207c2', 'celis.dominguezadrianaberenice@escom.ipn.mx', 'ADRIANA BERENICE', 'CELIS', 'DOMINGUEZ', TRUE),
  ('ca7871db-e1ae-4322-975d-2d8d403cf628', 'rodriguez.ordazmarisol@escom.ipn.mx', 'MARISOL', 'RODRIGUEZ', 'ORDAZ', TRUE),
  ('5db8678d-42ed-45e1-88b5-7cb4753a7fcc', 'castillo.martinezmiguelangel@escom.ipn.mx', 'MIGUEL ANGEL', 'CASTILLO', 'MARTINEZ', TRUE),
  ('f16538ad-747c-471e-bc1e-8cc5a7859cca', 'cancino.mosquedaodetteberenice@escom.ipn.mx', 'ODETTE BERENICE', 'CANCINO', 'MOSQUEDA', TRUE),
  ('7ec544a9-5d7b-41ec-a849-b4b19aee935c', 'loyola.espinosaaraceli@escom.ipn.mx', 'ARACELI', 'LOYOLA', 'ESPINOSA', TRUE);

-- Jefeacademia
INSERT INTO jefeacademia (id_jefeacademia, id_usuario) VALUES
  ('4a16dba4-09eb-4e83-ba89-5b68c12161e4', '86106fde-5289-4b2c-8e59-c6179ff53a44'),
  ('028d7cbf-14b1-45cb-9208-44f23da86841', '79de458e-8f2b-4145-a38b-38185c51c29b'),
  ('97acb4d7-ddef-4924-810a-484e0a8912d4', 'ec94f228-6c35-48b0-94f2-557a172bd879'),
  ('27a8ae94-f809-4fdc-96f0-0b627fb1044f', '353130c0-9289-4082-bbbf-9db77ef1fdef'),
  ('8c855a8c-fa48-4a91-8643-be80f878d96b', 'a6fb517b-29a1-4549-875f-0628080e14cb'),
  ('3cc9bab3-18a3-4e14-90d6-b5b0c87fb239', 'b18c61b6-b2d1-4a8d-9cff-1e657f723e0e'),
  ('bbe8d651-1b11-45ee-8bf3-63c3c6a9b7c6', 'f72a8140-1313-4dd0-bb81-751bc10bea88'),
  ('612fbe5c-1841-4701-8537-0771519bcb86', '707c09a9-515c-457d-b154-b55e340734ca'),
  ('a52c4b25-4415-42dd-b695-9158c1c3cfbe', '1a43cf2d-7a98-4c99-b0bf-64ad4871e813'),
  ('2d3c88e9-7266-428c-a659-d30d882051ff', 'a753bb41-2a24-47fa-892d-6f8bddac60c1'),
  ('2559eab2-e0a9-453b-a944-086b0a872f7d', 'dc9f00ce-fa14-4ad0-8364-9f10faca2800'),
  ('91c9135b-6d86-4e39-b105-21aaf2bc2e20', 'bce74587-035d-45cf-b552-62d703b0631d'),
  ('24e65c60-3bc3-45c9-9d96-8bc290b04035', '63eb0ff9-4e24-4cbf-a4b0-b39f76bbdb81'),
  ('ac3ce950-ec48-45fc-8422-489455f2fa55', '9e91a58a-4b0b-4868-ae27-ac1cc2c69191'),
  ('3bd8414b-3e2a-48c3-a516-f5a348731fc4', 'f32fa28e-bfd5-4045-8366-64f3fca70614'),
  ('4a3806cb-c0d2-40f8-b2e5-baa49b32fbc3', '4378f7bd-3aef-4c56-bef7-50711ce14cfb'),
  ('0bd17f28-6980-49b3-a8bd-afc35aca5861', 'b30d2045-ce8d-4ad8-82e2-36b186ccbfb2'),
  ('c30375f0-df3d-4b20-8fe3-a62236a9b8e5', '1187a6f8-0485-45b0-8e16-d113e04e7204'),
  ('b313651f-5a2e-489d-8933-906188684ee9', 'a6aa0927-7e7a-4fa3-af83-6fcd190cf57f'),
  ('1b626072-332e-4391-9a19-b27b3379016c', '079a248d-6716-42de-89f8-abaa7c910a8d'),
  ('b01a466e-d8cf-4806-ac52-c8f2326c4294', '27d476cf-e777-4b3c-b97c-4814cef713e6'),
  ('65665a2c-e045-4764-8bfa-a966342d861a', 'c0bdb3b9-4f59-44ad-805f-8feafd6e56c0'),
  ('6d388886-d3b4-48b8-a317-bb321c43a41c', 'a82eb8f0-bef8-42fb-8827-06203ca45106'),
  ('a8855b2d-550a-4a47-b8d8-bb26c1e608ec', 'd17338e8-6d2f-4d11-86bd-8a5056a7b7bc'),
  ('2f1fd820-6afc-4c07-b56a-46fa31f19a6c', '0fcf3806-abf2-4885-bfea-89793eacba70'),
  ('e0f8bb50-caa3-4e00-be1e-e6c2e2ffeca4', '296f997e-1992-465c-aeb6-4164cf779c5f'),
  ('580a12fb-0db5-4217-9df4-31d49be6741a', '5ee3555b-4bb0-4f93-8949-4d03536d2f62'),
  ('74f15467-9c75-4bce-9b9d-4ff330d61e32', '8bac239d-b8cd-4b32-b43b-0c69dfcfb737'),
  ('19dfe0fd-5c65-4034-83d2-bd16dcc0ea17', '3af53d64-8a55-46b3-b3cc-9a2c2ba1f5e4'),
  ('b98991df-baf3-4abf-8cba-1875d446703a', '0889c4d0-3398-461b-9154-6deb46cc2694'),
  ('ffaab0c4-c9db-4ccd-8f73-6a41e605d6ee', '107b8f1c-f6f3-4447-8552-57bc764c105a'),
  ('cee487ce-c41d-4e39-a89d-0f21e551f7a7', 'e6b42e11-cbcd-4569-bf08-9c8bb0b1c600'),
  ('0f57462e-4b72-4b6f-991b-5b63a24afbaa', '48e79dea-d2ff-4191-a865-e07055ba24c0'),
  ('e5637243-39f0-4fc1-a8c9-98cdf4f07701', '4d870810-f9ab-4bd3-82ae-14fed8929055'),
  ('cf74d86d-f48d-46bf-8d09-53cd62283ce3', '8813033e-f30e-411d-a97e-2b577fc2caee'),
  ('9b0bccf7-5edd-4be5-8986-ddbecd56a86c', '0f976b10-4890-4e50-a78c-d376e9fb69c9'),
  ('72fe86d7-df1b-4e14-b327-d027dba4e98c', 'd407f4ac-a840-4c82-bfb6-df8736b5a7b5'),
  ('d35103ee-005e-4b93-9910-92f662e66af2', 'fc127863-5be3-4f9a-a4f6-4425887052ec'),
  ('a87e13d1-b425-4ce4-8fa5-a23e397c0e27', 'f6597eaf-e15a-4901-ab59-9567ec7b6521'),
  ('96d16466-9967-4a11-a224-c210a0b52b95', '4a5cac76-4b53-48e9-9460-f1dd18923208'),
  ('7c774de6-197c-4e92-aa15-b62ec6607ed6', '58fc36ba-7120-4a8c-805b-d34c6fe8bbf7'),
  ('243b8aa4-bf11-4132-9b1d-fea1c07ac888', 'd1e9de0e-d4b3-4000-8ba8-12c2f7d945e6'),
  ('a378000b-fce4-43ac-801c-8e53f69a908c', 'f8d5d939-7ccd-4e0b-88ca-91ae5b05f32a'),
  ('fb82e56d-6d90-4fc5-9b29-f5f2ad4c25b6', 'ed3d57f7-497f-4794-9aa3-9fdf63585d5b'),
  ('08b4b55c-e6d7-48df-91d1-6e2245802391', '4fa22bb2-fe7d-474f-a550-43ab14c84b92'),
  ('c999c88f-d84e-47ab-97b5-7ab47acf6894', '48d40102-4553-41dd-8902-e2c3190595e6'),
  ('f9988f30-f4d7-46b1-bd7a-b8afbaca298a', '2092a6e2-e2e3-47b8-b4e1-945066d17216'),
  ('da301b80-c76c-4c4b-9ae8-e66f782922fb', '2230ab48-b5d0-47de-816d-26768da8e94a'),
  ('0b74641b-42e3-4ce9-8fbd-69fe9993cbb2', 'ddced41c-8400-4d1e-b965-768f0c1d6515'),
  ('a7ffe5a8-1bea-43c1-949a-90c27068d364', '30d382cf-3585-46c7-816b-12f43cb80515'),
  ('58421a2a-60ac-4b23-adfe-f8c5d88bd628', 'f5a2ece6-00ba-406d-bb2e-2137d6f0d4be'),
  ('ac0ca34b-090e-4407-8d57-9671540be05d', 'eac91476-542e-4a78-a0b9-779abdca021f'),
  ('579be0fc-c107-473a-8447-5bfbf909c56c', '1f0adc62-3ce6-4e8b-aafd-842dd23b8f73'),
  ('f263c67d-4deb-4cc7-a4bc-dc2729cd16f9', '01bdc229-1439-4af1-81be-2345269b2f30'),
  ('d9f1525d-9860-4695-9b5f-545aaf1d2bb0', '9f243674-f56a-48ca-a2c3-78bb7c5d552d'),
  ('447c173b-b7ca-4258-92a1-b86a20c5e26b', '7051bf0a-d0b3-4016-940a-d3f3d8d37d87'),
  ('4e46631b-3191-4b0a-a8d4-d730a4889a65', '0b0c04da-92c3-4f9c-89ad-8f18172a1fe9'),
  ('c9ec17c5-b4f9-4846-af3d-f5ca876d4e23', 'dacb8df9-15b2-4e96-a0b5-7922aedb8382'),
  ('6a849ffa-02c3-4213-a019-03d932e1ef92', '8f0ca86e-1ccf-4f35-b139-a0480dea50d4'),
  ('cfcb5969-68d8-41bf-9ca6-209ecfc34897', '2ec1ce7d-9f83-426c-9993-dc0218a56fb8'),
  ('41fe43ec-9f36-4327-b952-b9f158a86e6d', 'd6d4e0c6-8a00-4895-a474-aa1b75cc5005'),
  ('739f4548-6684-40a9-85b8-0cb6b3140fc0', '886cd417-f50d-4712-adfe-8f3acf1532b7'),
  ('4ea14665-4eeb-4f65-a853-633cb5b9a636', 'eaba0834-5ae9-434f-a02f-167a2d3304be'),
  ('506d5a57-cb00-4a1f-ba1f-97afcbfd916d', '8f86117b-f4c0-4102-84e3-9e06cff0ed94'),
  ('be8f1412-a80b-4ce2-8ca7-6445c23a1020', '55cd8753-2238-4134-bfef-0b288836c52f'),
  ('1341821a-a040-4bd1-b9b3-57f629181729', '7b99f8ba-45a6-4dee-85ba-73ff6673e575'),
  ('52134d75-4eb4-411b-8dc9-3cc64219ad6d', '71780e41-3c87-4d5b-a9e8-211e25c6b7da'),
  ('3b087ed6-cff5-4aa8-a5b5-5894f5e42686', '64674b07-a31c-4cab-adee-e4beaac8e699'),
  ('470f90d7-3dfe-402a-9519-163bff3c023d', '7404dbb5-079e-4e34-816c-48d1e42a722e'),
  ('a82e83a7-8314-4125-9173-6df86d513fd7', 'ce844313-c1bd-4ac3-a693-efeb05c6c218'),
  ('5ebf9ad8-58ef-4cb0-85a7-d400c7a1ede0', '3fb46d55-cc74-4ec2-8be9-d72985b2af0b'),
  ('393603e0-c775-46a0-b580-cc54c9e9dd6b', 'f8df57ba-509a-4cac-9354-8120acae2efa'),
  ('2e5b85ab-97cc-447b-ab7d-d561d42ba5d4', '47e43ded-4e28-48e6-8185-c2962ca45dbf'),
  ('06de66ff-8bd4-4896-8c09-9837ce800537', '592fc08b-79b2-4cd9-a3ba-51f827bf60c0'),
  ('a3fbf123-0cce-4b03-a922-f5fb36fa57e4', 'c853c4c8-188f-4c78-a83c-c251a021e4ae'),
  ('8a070dc8-823e-47a6-ac72-ff3455d53fdf', '9443803d-f0e4-4c40-9df2-4c5812d6d0d4'),
  ('046aa9f4-74cb-48f5-933f-70fa03f257a1', '4fd59c02-bd2f-44fa-8e7f-0623790274ee'),
  ('fb9b8db4-04fd-48b2-975a-aee366bc6f90', '0dfbdd4a-4b19-43f0-9496-3c199400c29b'),
  ('c35bfdfe-7b13-42fb-a8a9-556de02bf949', '8d9bb898-738e-4a7d-b7fe-9de256447f9d'),
  ('41c6af13-a113-41ae-9700-2487882e7c73', '33389cef-c75a-4ac6-a89c-599418d5f0af'),
  ('89ca1aa8-3222-48a8-94a1-dc18907fefbc', 'a106ac36-fb13-4b12-81b3-1fe0e71cf4ae'),
  ('1619c95a-bc10-4840-91e9-0ec096a1c396', '36305587-cba0-4ab0-b811-8b793fb46418'),
  ('c7f8f0b4-a5eb-4492-b27b-f7bb02c70963', 'e48fa069-9564-481f-a858-f3f73ba6e5e9'),
  ('dfaa13d0-1a5a-4b75-a50d-9b4f6c2e1e94', '6ef793e5-f2ad-4efc-9212-23dd44d15c4d'),
  ('cc24bb0d-71a6-45ab-9f32-62937666e839', '65f57bcc-5730-46a2-86cd-7bbcaab15cdd'),
  ('fb33d5c6-f72c-45f4-9a06-bf2bfbbd9d00', 'afeee30f-2581-477b-8a53-8858ac4b9c1c'),
  ('54fd912a-8c99-4002-8df2-bc8c7b25276a', '04dfbe1d-44e9-4d28-a821-7762bacc4ba5'),
  ('d94271e5-ce63-4397-b8b2-5d7ec45055c7', '96a5c701-a6fc-44a4-856a-1b9277775236'),
  ('bf7f0c75-9ea1-4c2b-8115-5515704ece9e', '3343a2c8-b25a-49ca-ab48-b397dcd7809c'),
  ('21366353-dfc2-4c47-8f8c-1f677c80a34b', 'e51fc4fe-c378-48c4-a595-16d70291b6d1'),
  ('ff559088-03cc-4945-8bb1-1553e7367772', '5dd54745-c740-4d21-bc59-e8834eecb606'),
  ('53959e62-127e-4d9c-9f82-bfb7a308b035', '73e014c9-3269-4f77-908a-d37d79ca3d63'),
  ('9b0acac6-5f44-438d-abfc-8e06f4fe9f79', '69b9dbd4-5e61-4379-96d1-13e0154c6a9a'),
  ('7fa308da-2e92-4a63-8a5b-f9f1eb8d6be7', 'afc317e5-9cb1-4d15-bb23-7e4b3f1207c2'),
  ('40c3edbd-1a9b-496e-ba51-751c32fe222e', 'ca7871db-e1ae-4322-975d-2d8d403cf628'),
  ('e0a7a8be-8b40-44fb-b567-43baf8eda50c', '5db8678d-42ed-45e1-88b5-7cb4753a7fcc'),
  ('7631fc39-df3f-4180-8cde-e5afe248f0e6', 'f16538ad-747c-471e-bc1e-8cc5a7859cca'),
  ('7cf0dc5e-f663-4432-8efd-8a301789ff10', '7ec544a9-5d7b-41ec-a849-b4b19aee935c');

-- Materias
INSERT INTO materia (id_materia, nombre) VALUES
  ('297f44f2-97c4-4425-be34-8034e0c7a32a', 'ADMINISTRACION DE PROYECTOS DE TI'),
  ('10dff321-ce91-483e-887d-cb0d6cc3b251', 'ADMINISTRACION DE SERVICIOS EN RED'),
  ('a0a6830b-0e29-41b9-9ecc-5520b494aa52', 'ALGEBRA LINEAL'),
  ('93a44b74-3612-47ed-b4b4-e71c2c5a6bc2', 'ALGORITMOS BIOINSPIRADOS'),
  ('b1a915c3-f695-491e-a058-e2f61deeb9af', 'ALGORITMOS Y ESTRUCTURA DE DATOS'),
  ('9c276f66-acaf-43b5-9e17-c1b4a29577c1', 'ALGORITMOS Y ESTRUCTURAS DE DATOS'),
  ('10635efd-d535-4055-806d-c699e4ba89d3', 'ANALISIS DE SERIES DE TIEMPO'),
  ('110c0683-d4db-4fa9-b000-beda2c5b2466', 'ANALISIS VECTORIAL'),
  ('9d18eac7-f105-4242-b447-641676257309', 'ANALISIS Y DISEÑO DE ALGORITMOS'),
  ('aaa19d7e-0bd5-47ef-9929-6dce1e71daca', 'ANALISIS Y DISEÑO DE SISTEMAS'),
  ('01116eab-37bb-43b5-9096-8241f5b2c0e8', 'ANALITICA AVANZADA DE DATOS'),
  ('d830f074-05f0-43c9-9535-2d9d2ca0d5be', 'ANALITICA Y VISUALIZACION DE DATOS'),
  ('f6e7b321-12cc-4bf0-8966-b1d30f99e8ee', 'APLICACIONES DE INTELIGENCIA ARTIFICIAL EN SISTEMAS EMBEBIDOS'),
  ('932b67cd-ec37-4f77-9b91-637f06955d60', 'APLICACIONES DE LENGUAJE NATURAL'),
  ('f2b92fd4-013a-496b-94c5-9543459c8346', 'APLICACIONES PARA COMUNICACIONES EN RED'),
  ('8fbe9f00-5baf-480a-a0b4-710fb986da40', 'APRENDIZAJE DE MAQUINA'),
  ('11f76746-5267-4084-9631-cbec55188dd9', 'APRENDIZAJE DE MAQUINA E INTELIGENCIA ARTIFICIAL'),
  ('4985f538-e79c-493e-bb87-ed9cc810c66b', 'ARQUITECTURA DE COMPUTADORAS'),
  ('c5f52288-678e-4645-a614-87099e716aa0', 'BASES DE DATOS'),
  ('c84b8fa1-454b-4729-8473-d17a1d06f96f', 'BASES DE DATOS AVANZADAS'),
  ('03a7f71a-2778-4cc4-8ccc-017556d2c1e0', 'BIG DATA'),
  ('ca99d938-cb63-427f-b14e-c95308b6a231', 'CALCULO'),
  ('d990ddc7-dc32-438f-8288-ff0cfb5353ef', 'CALCULO APLICADO'),
  ('9dbbd00d-849b-4b7f-a62f-4a473212a2ad', 'CALCULO MULTIVARIABLE'),
  ('8bffb96c-0ba1-4711-995f-95b21f64b040', 'CIBERSEGURIDAD'),
  ('36d882d6-666d-4c83-93c8-b771ca297183', 'CIRCUITOS ELECTRICOS'),
  ('b60f7cb8-f731-4ac1-9921-58f56940b6e5', 'COMPILADORES'),
  ('3a370009-c811-4e85-87b6-73a6dc5b46bb', 'COMPUTO DE ALTO DESEMPEÑO'),
  ('9e5fbaa3-6f73-4e05-84bc-3c2b3a0fcb3d', 'COMPUTO PARALELO'),
  ('b65ed67e-6dbb-4cf2-9da2-fdc0ccacdbaa', 'COMUNICACION ORAL Y ESCRITA'),
  ('8e80e9c8-c6bf-4c5a-896d-9059ce31e9a0', 'CRIPTOGRAFIA'),
  ('681b0229-3c75-4560-885a-31179a7814d3', 'CRIPTOGRAFIA: TEMAS SELECTOS'),
  ('f3222d4a-6b77-4e7a-be81-0ef9f667b568', 'DESARROLLO DE APLICACIONES MOVILES NATIVAS'),
  ('8dcd971a-090d-45db-a967-778337438d2a', 'DESARROLLO DE APLICACIONES PARA ANALISIS DE DATOS'),
  ('e9b14350-becf-46c9-a52d-da92d60cd8cd', 'DESARROLLO DE APLICACIONES WEB'),
  ('93d1a541-d5b7-49e0-b6d5-7f50c4547e7c', 'DESARROLLO DE HABILIDADES SOCIALES PARA LA ALTA DIRECCION'),
  ('e768da13-6a00-41e6-8545-1619cf035014', 'DISEÑO DE SISTEMAS DIGITALES'),
  ('6f876ea8-bfc7-4e05-aee2-e3123655714c', 'ECUACIONES DIFERENCIALES'),
  ('c5597bef-e186-429d-a7c6-5c38ade8abe9', 'ELECTRONICA ANALOGICA'),
  ('adc8077a-0a48-4990-a353-cabe94498885', 'ESTADISTICA'),
  ('4b217bf0-f8b7-4342-9658-b632da101773', 'ETICA Y LEGALIDAD'),
  ('b6214d27-776b-4576-8395-dab87fe2320c', 'FINANZAS EMPRESARIALES'),
  ('0182819d-8e45-4c50-824b-157fe42b86f2', 'FORMULACION Y EVALUACION DE PROYECTOS INFORMATICOS'),
  ('72bb412f-a16a-4b08-a11f-4540a9efafef', 'FUNDAMENTOS DE DISEÑO DIGITAL'),
  ('1fc3f912-ab2f-4c98-a681-4724b0f924b2', 'FUNDAMENTOS DE INTELIGENCIA ARTIFICIAL'),
  ('63a7672a-3f75-4c99-a9e0-275dd518fedd', 'FUNDAMENTOS DE PROGRAMACION'),
  ('c48e0adb-49ee-4f35-9320-8e7a1808d7fc', 'FUNDAMENTOS ECONOMICOS'),
  ('7f32b30f-5ddf-41ce-9c4c-afb5ab5512dc', 'GESTION DE EMPRESAS DE ALTA TECNOLOGIA'),
  ('4bfb3521-cef9-4694-b7e5-79072bdf2744', 'GESTION EMPRESARIAL'),
  ('fe01e022-e695-46a8-95fe-1786bb11b323', 'INGENIERIA DE SOFTWARE'),
  ('e2169593-9d8c-480c-a718-975c84db1a3b', 'INGENIERIA DE SOFTWARE PARA SISTEMAS INTELIGENTES'),
  ('15725480-020e-41fc-889c-e29ce8bec25a', 'INGENIERIA ETICA Y SOCIEDAD'),
  ('23e9a797-75eb-412c-b591-5b7a0c804d04', 'INSTRUMENTACION Y CONTROL'),
  ('04fc8054-43f7-4529-8a04-cceea7343870', 'INTELIGENCIA ARTIFICIAL'),
  ('d4be0421-c935-4629-860c-468c52ffec48', 'INTERNET DE LAS COSAS'),
  ('e475a28e-6563-4555-8738-f9153d70517e', 'LIDERAZGO PERSONAL'),
  ('11f81451-bc9f-4a37-a1a5-5e1b0a04150a', 'MATEMATICAS AVANZADAS PARA CIENCIA DE DATOS'),
  ('a28a3f6c-7bfe-4923-89ec-68e5244a9ebd', 'MATEMATICAS AVANZADAS PARA LA INGENIERIA'),
  ('b47ae6ff-1bab-42fd-9aff-74b76cc13be9', 'MATEMATICAS DISCRETAS'),
  ('0a8976ef-9530-432a-9b1f-002b8415bd11', 'MECANICA Y ELECTROMAGNETISMO'),
  ('6f2f6fe9-895f-4c6d-81b8-cc7232941dd5', 'METODOLOGIA DE LA INVESTIGACION Y DIVULGACION CIENTIFICA'),
  ('431f9930-eabd-49e4-a706-f472db354c4f', 'METODOS CUANTITATIVOS PARA LA TOMA DE DECISIONES'),
  ('03e06535-ad90-4d85-a0ed-a7c1e7d42d75', 'METODOS NUMERICOS'),
  ('266dffe9-9962-4f40-82d7-6ad8d1263a6d', 'MINERIA DE DATOS'),
  ('49227e48-908d-4c4a-b94d-8e22ede2eb52', 'MODELADO PREDICTIVO'),
  ('2a8f3ba6-fdd4-496c-ab14-79f9475e4df1', 'MODELOS ECONOMETRICOS'),
  ('abacbaac-d20b-488c-af7e-4917b6c36156', 'PARADIGMAS DE PROGRAMACION'),
  ('aa97db28-d273-43fc-a0d1-8ef083effbd4', 'PROBABILIDAD'),
  ('c65e3366-2f48-458b-b066-2b24cc29b438', 'PROBABILIDAD Y ESTADISTICA'),
  ('906ebaa1-2e6e-4bfe-b2e7-70b8eba020c2', 'PROCESAMIENTO DE LENGUAJE NATURAL'),
  ('6f4e4fa2-fd84-4cfb-a144-b57b94ed0df5', 'PROCESAMIENTO DE SEÑALES'),
  ('c46d07cd-0442-46d9-9c9f-cc6550c579fa', 'PROCESAMIENTO DIGITAL DE IMAGENES'),
  ('e483ab12-3875-4cb8-96e9-6a79fa9818b8', 'PROCESAMIENTO DIGITAL DE SEÑALES'),
  ('7012cc5a-bf64-4d16-9adc-77155ce32bd8', 'PROCESOS ESTOCASTICOS'),
  ('d7c26bd9-c3e9-4d07-ad9c-5c086c3364ae', 'PROGRAMACION PARA CIENCIA DE DATOS'),
  ('382afd3f-cfcc-4a69-bee5-a0d4e4ae90fa', 'PROTECCION DE DATOS'),
  ('ad9d854a-3eed-42ad-81ab-b49fc8407a26', 'REDES DE COMPUTADORAS'),
  ('db07d6b1-5d5f-44b1-9f6c-1e84e8d1b73a', 'REDES NEURONALES Y APRENDIZAJE PROFUNDO'),
  ('5354782b-4d01-4aa8-9dae-f226f48118e5', 'SISTEMAS DE INFORMACION GEOGRAFICA'),
  ('a86949f7-9447-4f87-8538-1f8bbb58f4eb', 'SISTEMAS DISTRIBUIDOS'),
  ('da5cae27-1ff2-4bf0-b2db-92c3cd412900', 'SISTEMAS EN CHIP'),
  ('2cf01a08-df93-4faf-b599-c1c3c204db5f', 'SISTEMAS OPERATIVOS'),
  ('dd2c507d-4e2e-48d4-8c75-e80d60af77ac', 'TECNOLOGIAS DE LENGUAJE NATURAL'),
  ('224fe7ac-77c0-43c9-93f0-7a9aee46f41d', 'TECNOLOGIAS PARA DESARROLLO DE APLICACIONES WEB'),
  ('e282448d-098f-457e-aeca-b6716e11b27c', 'TECNOLOGIAS PARA EL DESARROLLO DE APLICACIONES WEB'),
  ('b0df1fdf-d462-42b5-810c-393549688be7', 'TEMAS SELECTOS DE APRENDIZAJE PROFUNDO'),
  ('9446f491-7714-4483-91dc-8124b6a53bd7', 'TEORIA DE LA COMPUTACION'),
  ('87084d29-131e-4a80-b746-3b6d0848c9ac', 'VISION ARTIFICIAL');

-- Periodo ETS
INSERT INTO periodoets (id_periodoets, nombre) VALUES
  ('ee627f61-a572-4a69-a1d9-84f4194e03ed', 'Periodo ETS Julio-Agosto 2026');

-- Carrera_materia
INSERT INTO carrera_materia (id_carrera_materia, id_carrera, id_plan, id_materia, semestre, id_academia) VALUES
  ('d2d49717-a98b-4c4b-abc0-283881ea3b3b', '609ff2de-7bc7-4288-bb40-925af48df292', '8cf56119-e614-432a-8a3a-966e0d0ce736', '63a7672a-3f75-4c99-a9e0-275dd518fedd', 1, '33a589be-7503-46c4-bc1b-5f0b761d867b'),
  ('cff3dfef-37d9-4223-b34e-c87a693eccb8', '609ff2de-7bc7-4288-bb40-925af48df292', '8cf56119-e614-432a-8a3a-966e0d0ce736', 'b47ae6ff-1bab-42fd-9aff-74b76cc13be9', 1, '33a589be-7503-46c4-bc1b-5f0b761d867b'),
  ('76d774b0-1155-45bd-a7a5-8db7d21fbf2a', '609ff2de-7bc7-4288-bb40-925af48df292', '8cf56119-e614-432a-8a3a-966e0d0ce736', 'ca99d938-cb63-427f-b14e-c95308b6a231', 1, '33a589be-7503-46c4-bc1b-5f0b761d867b'),
  ('501336d3-d739-4ed7-aa43-124f49818ac5', '609ff2de-7bc7-4288-bb40-925af48df292', '8cf56119-e614-432a-8a3a-966e0d0ce736', '110c0683-d4db-4fa9-b000-beda2c5b2466', 1, '33a589be-7503-46c4-bc1b-5f0b761d867b'),
  ('8a61b6ee-cfaf-4c02-9953-a0c059d015dc', '609ff2de-7bc7-4288-bb40-925af48df292', '8cf56119-e614-432a-8a3a-966e0d0ce736', 'b65ed67e-6dbb-4cf2-9da2-fdc0ccacdbaa', 1, '33a589be-7503-46c4-bc1b-5f0b761d867b'),
  ('0c103c21-df9f-4ba8-8f4e-e4e6f02ee480', '609ff2de-7bc7-4288-bb40-925af48df292', '8cf56119-e614-432a-8a3a-966e0d0ce736', 'b1a915c3-f695-491e-a058-e2f61deeb9af', 2, '33a589be-7503-46c4-bc1b-5f0b761d867b'),
  ('5c280f71-5d27-4f9d-b7f6-d69d846b6fef', '609ff2de-7bc7-4288-bb40-925af48df292', '8cf56119-e614-432a-8a3a-966e0d0ce736', 'a0a6830b-0e29-41b9-9ecc-5520b494aa52', 2, '33a589be-7503-46c4-bc1b-5f0b761d867b'),
  ('84300cc9-0f69-474a-b3f4-d38f6bc1ca00', '609ff2de-7bc7-4288-bb40-925af48df292', '8cf56119-e614-432a-8a3a-966e0d0ce736', 'd990ddc7-dc32-438f-8288-ff0cfb5353ef', 2, '33a589be-7503-46c4-bc1b-5f0b761d867b'),
  ('e03234f8-4d53-4c52-b90f-5e0a909cd036', '609ff2de-7bc7-4288-bb40-925af48df292', '8cf56119-e614-432a-8a3a-966e0d0ce736', '0a8976ef-9530-432a-9b1f-002b8415bd11', 2, '33a589be-7503-46c4-bc1b-5f0b761d867b'),
  ('ab87bfcb-4b25-4906-8848-7d38477b58ba', '609ff2de-7bc7-4288-bb40-925af48df292', '8cf56119-e614-432a-8a3a-966e0d0ce736', '15725480-020e-41fc-889c-e29ce8bec25a', 2, '33a589be-7503-46c4-bc1b-5f0b761d867b'),
  ('8dca6698-bd0d-4799-8926-50692ec87d41', '609ff2de-7bc7-4288-bb40-925af48df292', '8cf56119-e614-432a-8a3a-966e0d0ce736', 'c48e0adb-49ee-4f35-9320-8e7a1808d7fc', 2, '33a589be-7503-46c4-bc1b-5f0b761d867b'),
  ('35709790-dc88-48ab-920e-29f798932e0a', '609ff2de-7bc7-4288-bb40-925af48df292', '8cf56119-e614-432a-8a3a-966e0d0ce736', '9d18eac7-f105-4242-b447-641676257309', 3, '33a589be-7503-46c4-bc1b-5f0b761d867b'),
  ('58d519f0-f139-4c07-b41f-c07e247a3c42', '609ff2de-7bc7-4288-bb40-925af48df292', '8cf56119-e614-432a-8a3a-966e0d0ce736', 'abacbaac-d20b-488c-af7e-4917b6c36156', 3, '33a589be-7503-46c4-bc1b-5f0b761d867b'),
  ('7c8a7617-8cf0-408e-8194-b9e686bea17c', '609ff2de-7bc7-4288-bb40-925af48df292', '8cf56119-e614-432a-8a3a-966e0d0ce736', '6f876ea8-bfc7-4e05-aee2-e3123655714c', 3, '33a589be-7503-46c4-bc1b-5f0b761d867b'),
  ('476fd526-1619-4e15-926f-9639b7f5721f', '609ff2de-7bc7-4288-bb40-925af48df292', '8cf56119-e614-432a-8a3a-966e0d0ce736', '72bb412f-a16a-4b08-a11f-4540a9efafef', 3, '33a589be-7503-46c4-bc1b-5f0b761d867b'),
  ('80dbd434-4875-4747-bffa-b077177a2617', '609ff2de-7bc7-4288-bb40-925af48df292', '8cf56119-e614-432a-8a3a-966e0d0ce736', '36d882d6-666d-4c83-93c8-b771ca297183', 3, '33a589be-7503-46c4-bc1b-5f0b761d867b'),
  ('0c461661-1f67-449b-b210-da84519e6ad4', '609ff2de-7bc7-4288-bb40-925af48df292', '8cf56119-e614-432a-8a3a-966e0d0ce736', 'c5f52288-678e-4645-a614-87099e716aa0', 3, '33a589be-7503-46c4-bc1b-5f0b761d867b'),
  ('a119866a-b93f-4e8c-9d7f-cb1b292ff224', '609ff2de-7bc7-4288-bb40-925af48df292', '8cf56119-e614-432a-8a3a-966e0d0ce736', 'b6214d27-776b-4576-8395-dab87fe2320c', 3, '33a589be-7503-46c4-bc1b-5f0b761d867b'),
  ('8e08f35f-ced2-4051-a548-36eee55f7154', '609ff2de-7bc7-4288-bb40-925af48df292', '8cf56119-e614-432a-8a3a-966e0d0ce736', '9446f491-7714-4483-91dc-8124b6a53bd7', 4, '33a589be-7503-46c4-bc1b-5f0b761d867b'),
  ('dcf51d77-dbfd-4919-aa33-b694847b1ddf', '609ff2de-7bc7-4288-bb40-925af48df292', '8cf56119-e614-432a-8a3a-966e0d0ce736', 'c65e3366-2f48-458b-b066-2b24cc29b438', 4, '33a589be-7503-46c4-bc1b-5f0b761d867b'),
  ('0eb62960-8ff6-4398-b11b-1c6acdcd396f', '609ff2de-7bc7-4288-bb40-925af48df292', '8cf56119-e614-432a-8a3a-966e0d0ce736', 'a28a3f6c-7bfe-4923-89ec-68e5244a9ebd', 4, '33a589be-7503-46c4-bc1b-5f0b761d867b'),
  ('875c570b-9849-4628-8251-dd586db93272', '609ff2de-7bc7-4288-bb40-925af48df292', '8cf56119-e614-432a-8a3a-966e0d0ce736', 'e768da13-6a00-41e6-8545-1619cf035014', 4, '33a589be-7503-46c4-bc1b-5f0b761d867b'),
  ('54ef01b4-3751-40dd-86f0-0bb92c3b790f', '609ff2de-7bc7-4288-bb40-925af48df292', '8cf56119-e614-432a-8a3a-966e0d0ce736', 'c5597bef-e186-429d-a7c6-5c38ade8abe9', 4, '33a589be-7503-46c4-bc1b-5f0b761d867b'),
  ('5e8ef46b-3c75-4e35-9350-d27a57879c73', '609ff2de-7bc7-4288-bb40-925af48df292', '8cf56119-e614-432a-8a3a-966e0d0ce736', '224fe7ac-77c0-43c9-93f0-7a9aee46f41d', 4, '33a589be-7503-46c4-bc1b-5f0b761d867b'),
  ('a715a9a9-eeaa-42e8-bf84-2398cec376bd', '609ff2de-7bc7-4288-bb40-925af48df292', '8cf56119-e614-432a-8a3a-966e0d0ce736', '2cf01a08-df93-4faf-b599-c1c3c204db5f', 4, '33a589be-7503-46c4-bc1b-5f0b761d867b'),
  ('0a494ee2-26e5-4a35-acf1-c93c6e9fb90e', '609ff2de-7bc7-4288-bb40-925af48df292', '8cf56119-e614-432a-8a3a-966e0d0ce736', 'b60f7cb8-f731-4ac1-9921-58f56940b6e5', 5, '33a589be-7503-46c4-bc1b-5f0b761d867b'),
  ('cc44b020-9390-47c9-a41e-581eb31f2688', '609ff2de-7bc7-4288-bb40-925af48df292', '8cf56119-e614-432a-8a3a-966e0d0ce736', 'e483ab12-3875-4cb8-96e9-6a79fa9818b8', 5, '33a589be-7503-46c4-bc1b-5f0b761d867b'),
  ('dd35924c-a988-48a2-b863-13c2ce511537', '609ff2de-7bc7-4288-bb40-925af48df292', '8cf56119-e614-432a-8a3a-966e0d0ce736', '4985f538-e79c-493e-bb87-ed9cc810c66b', 5, '33a589be-7503-46c4-bc1b-5f0b761d867b'),
  ('ea450949-1e01-4ee7-82f8-dc7d0d715a77', '609ff2de-7bc7-4288-bb40-925af48df292', '8cf56119-e614-432a-8a3a-966e0d0ce736', '23e9a797-75eb-412c-b591-5b7a0c804d04', 5, '33a589be-7503-46c4-bc1b-5f0b761d867b'),
  ('24236e52-caca-4f63-a67a-2191a7b2aceb', '609ff2de-7bc7-4288-bb40-925af48df292', '8cf56119-e614-432a-8a3a-966e0d0ce736', 'aaa19d7e-0bd5-47ef-9929-6dce1e71daca', 5, '33a589be-7503-46c4-bc1b-5f0b761d867b'),
  ('eb07b3e4-7998-4de3-a426-5ffa81dd5c5b', '609ff2de-7bc7-4288-bb40-925af48df292', '8cf56119-e614-432a-8a3a-966e0d0ce736', '0182819d-8e45-4c50-824b-157fe42b86f2', 5, '33a589be-7503-46c4-bc1b-5f0b761d867b'),
  ('93e48e7e-1ec8-4bf3-9e9f-0b650e153155', '609ff2de-7bc7-4288-bb40-925af48df292', '8cf56119-e614-432a-8a3a-966e0d0ce736', 'ad9d854a-3eed-42ad-81ab-b49fc8407a26', 5, '33a589be-7503-46c4-bc1b-5f0b761d867b'),
  ('3700da1b-2f7c-4561-be9d-c29d02dbbb04', '609ff2de-7bc7-4288-bb40-925af48df292', '8cf56119-e614-432a-8a3a-966e0d0ce736', '04fc8054-43f7-4529-8a04-cceea7343870', 6, '33a589be-7503-46c4-bc1b-5f0b761d867b'),
  ('ef478a25-32f8-48d4-a45a-88d47eac386e', '609ff2de-7bc7-4288-bb40-925af48df292', '8cf56119-e614-432a-8a3a-966e0d0ce736', 'da5cae27-1ff2-4bf0-b2db-92c3cd412900', 6, '33a589be-7503-46c4-bc1b-5f0b761d867b'),
  ('ee264608-f8e3-4315-89a3-d2699cb90fb0', '609ff2de-7bc7-4288-bb40-925af48df292', '8cf56119-e614-432a-8a3a-966e0d0ce736', '431f9930-eabd-49e4-a706-f472db354c4f', 6, '33a589be-7503-46c4-bc1b-5f0b761d867b'),
  ('1c671d21-6d7b-4a23-bc1c-4a6214aad7a6', '609ff2de-7bc7-4288-bb40-925af48df292', '8cf56119-e614-432a-8a3a-966e0d0ce736', '8e80e9c8-c6bf-4c5a-896d-9059ce31e9a0', 6, '33a589be-7503-46c4-bc1b-5f0b761d867b'),
  ('7a449989-beea-48e7-a530-aac4f3ec3757', '609ff2de-7bc7-4288-bb40-925af48df292', '8cf56119-e614-432a-8a3a-966e0d0ce736', '7f32b30f-5ddf-41ce-9c4c-afb5ab5512dc', 6, '33a589be-7503-46c4-bc1b-5f0b761d867b'),
  ('692d1182-41ac-493a-a6f2-249eb208cba1', '609ff2de-7bc7-4288-bb40-925af48df292', '8cf56119-e614-432a-8a3a-966e0d0ce736', 'fe01e022-e695-46a8-95fe-1786bb11b323', 6, '33a589be-7503-46c4-bc1b-5f0b761d867b'),
  ('fc6f10fb-69ff-4cf4-8324-1f03768ecb40', '609ff2de-7bc7-4288-bb40-925af48df292', '8cf56119-e614-432a-8a3a-966e0d0ce736', 'f2b92fd4-013a-496b-94c5-9543459c8346', 6, '33a589be-7503-46c4-bc1b-5f0b761d867b'),
  ('60b9944c-25a1-4adf-84d1-00beccb3b4de', '609ff2de-7bc7-4288-bb40-925af48df292', '8cf56119-e614-432a-8a3a-966e0d0ce736', 'a86949f7-9447-4f87-8538-1f8bbb58f4eb', 7, '33a589be-7503-46c4-bc1b-5f0b761d867b'),
  ('3daef13b-5f80-4bff-bdf2-e64627cbacd2', '609ff2de-7bc7-4288-bb40-925af48df292', '8cf56119-e614-432a-8a3a-966e0d0ce736', 'd4be0421-c935-4629-860c-468c52ffec48', 7, '33a589be-7503-46c4-bc1b-5f0b761d867b'),
  ('bf14eb7e-4d41-4b75-8699-a97cd879ad6a', '609ff2de-7bc7-4288-bb40-925af48df292', '8cf56119-e614-432a-8a3a-966e0d0ce736', '681b0229-3c75-4560-885a-31179a7814d3', 7, '33a589be-7503-46c4-bc1b-5f0b761d867b'),
  ('c0200127-f5c8-4caf-a629-310b7a4d9e6a', '609ff2de-7bc7-4288-bb40-925af48df292', '8cf56119-e614-432a-8a3a-966e0d0ce736', 'f3222d4a-6b77-4e7a-be81-0ef9f667b568', 7, '33a589be-7503-46c4-bc1b-5f0b761d867b'),
  ('e5a48422-d82f-4728-a0d5-3a6c0c9626f0', '609ff2de-7bc7-4288-bb40-925af48df292', '8cf56119-e614-432a-8a3a-966e0d0ce736', '10dff321-ce91-483e-887d-cb0d6cc3b251', 7, '33a589be-7503-46c4-bc1b-5f0b761d867b'),
  ('dd2fb25a-325b-48a1-ae1a-c9cba3b9df07', '609ff2de-7bc7-4288-bb40-925af48df292', '8cf56119-e614-432a-8a3a-966e0d0ce736', 'e475a28e-6563-4555-8738-f9153d70517e', 8, '33a589be-7503-46c4-bc1b-5f0b761d867b'),
  ('1144c8d0-81ac-41af-83e0-0d3dab44fe35', '609ff2de-7bc7-4288-bb40-925af48df292', '8cf56119-e614-432a-8a3a-966e0d0ce736', '4bfb3521-cef9-4694-b7e5-79072bdf2744', 8, '33a589be-7503-46c4-bc1b-5f0b761d867b'),
  ('467a762c-8c84-446a-b190-6951cc87d9ff', '609ff2de-7bc7-4288-bb40-925af48df292', '8cf56119-e614-432a-8a3a-966e0d0ce736', '93d1a541-d5b7-49e0-b6d5-7f50c4547e7c', 8, '33a589be-7503-46c4-bc1b-5f0b761d867b'),
  ('fe62e952-c56f-4e1a-80d8-6efc8621e319', 'a637873f-8a89-4f2d-a876-98500c118489', '68fd3388-47ff-4ab8-b949-2d487c3bd844', '9c276f66-acaf-43b5-9e17-c1b4a29577c1', 2, '93e61441-e952-4757-99cc-74fa72a54e47'),
  ('58dc66f7-49ec-44dc-8113-91069552328c', 'a637873f-8a89-4f2d-a876-98500c118489', '68fd3388-47ff-4ab8-b949-2d487c3bd844', 'a0a6830b-0e29-41b9-9ecc-5520b494aa52', 2, '93e61441-e952-4757-99cc-74fa72a54e47'),
  ('d7c10827-f6e1-4131-9b02-cdaec108f0aa', 'a637873f-8a89-4f2d-a876-98500c118489', '68fd3388-47ff-4ab8-b949-2d487c3bd844', '4b217bf0-f8b7-4342-9658-b632da101773', 2, '93e61441-e952-4757-99cc-74fa72a54e47'),
  ('1336f277-69fa-4a4a-87c9-44c91cccf09f', 'a637873f-8a89-4f2d-a876-98500c118489', '68fd3388-47ff-4ab8-b949-2d487c3bd844', '9dbbd00d-849b-4b7f-a62f-4a473212a2ad', 2, '93e61441-e952-4757-99cc-74fa72a54e47'),
  ('0eec519f-bef5-46fb-98dd-fa6d88cd04c6', 'a637873f-8a89-4f2d-a876-98500c118489', '68fd3388-47ff-4ab8-b949-2d487c3bd844', 'c48e0adb-49ee-4f35-9320-8e7a1808d7fc', 2, '93e61441-e952-4757-99cc-74fa72a54e47'),
  ('8d73d9a0-5faa-447a-bfe5-aab64cea2750', 'a637873f-8a89-4f2d-a876-98500c118489', '68fd3388-47ff-4ab8-b949-2d487c3bd844', '9d18eac7-f105-4242-b447-641676257309', 3, '93e61441-e952-4757-99cc-74fa72a54e47'),
  ('367005ce-01fb-4b05-beff-2e5c5755425d', 'a637873f-8a89-4f2d-a876-98500c118489', '68fd3388-47ff-4ab8-b949-2d487c3bd844', 'd7c26bd9-c3e9-4d07-ad9c-5c086c3364ae', 3, '93e61441-e952-4757-99cc-74fa72a54e47'),
  ('0bb1ed78-82f2-47fd-8652-dd09eb0478ec', 'a637873f-8a89-4f2d-a876-98500c118489', '68fd3388-47ff-4ab8-b949-2d487c3bd844', 'c5f52288-678e-4645-a614-87099e716aa0', 3, '93e61441-e952-4757-99cc-74fa72a54e47'),
  ('e08ab476-8a13-4ba0-8d0d-c1dc3bb4fe5f', 'a637873f-8a89-4f2d-a876-98500c118489', '68fd3388-47ff-4ab8-b949-2d487c3bd844', 'aa97db28-d273-43fc-a0d1-8ef083effbd4', 3, '93e61441-e952-4757-99cc-74fa72a54e47'),
  ('4c9bb113-685d-46cc-b7cc-3d087306b441', 'a637873f-8a89-4f2d-a876-98500c118489', '68fd3388-47ff-4ab8-b949-2d487c3bd844', '03e06535-ad90-4d85-a0ed-a7c1e7d42d75', 3, '93e61441-e952-4757-99cc-74fa72a54e47'),
  ('18029e15-e90d-4a3c-b4d4-5fbd003c28b3', 'a637873f-8a89-4f2d-a876-98500c118489', '68fd3388-47ff-4ab8-b949-2d487c3bd844', 'b6214d27-776b-4576-8395-dab87fe2320c', 3, '93e61441-e952-4757-99cc-74fa72a54e47'),
  ('e574a1ad-9e9a-4230-8602-fbd44f183fd7', 'a637873f-8a89-4f2d-a876-98500c118489', '68fd3388-47ff-4ab8-b949-2d487c3bd844', 'e9b14350-becf-46c9-a52d-da92d60cd8cd', 4, '93e61441-e952-4757-99cc-74fa72a54e47'),
  ('01cb8e5d-b186-4472-8f76-6a5b493ca5fc', 'a637873f-8a89-4f2d-a876-98500c118489', '68fd3388-47ff-4ab8-b949-2d487c3bd844', '3a370009-c811-4e85-87b6-73a6dc5b46bb', 4, '93e61441-e952-4757-99cc-74fa72a54e47'),
  ('00a0d865-b0d5-4536-b736-b7dbf95938df', 'a637873f-8a89-4f2d-a876-98500c118489', '68fd3388-47ff-4ab8-b949-2d487c3bd844', '8dcd971a-090d-45db-a967-778337438d2a', 4, '93e61441-e952-4757-99cc-74fa72a54e47'),
  ('3a0723e0-0cb6-48ca-bd9c-724bc35c37db', 'a637873f-8a89-4f2d-a876-98500c118489', '68fd3388-47ff-4ab8-b949-2d487c3bd844', 'c84b8fa1-454b-4729-8473-d17a1d06f96f', 4, '93e61441-e952-4757-99cc-74fa72a54e47'),
  ('9d163436-9645-4a7a-bc88-a4200118ef48', 'a637873f-8a89-4f2d-a876-98500c118489', '68fd3388-47ff-4ab8-b949-2d487c3bd844', 'adc8077a-0a48-4990-a353-cabe94498885', 4, '93e61441-e952-4757-99cc-74fa72a54e47'),
  ('b96957f7-5df9-434a-946e-9c7ee896b81e', 'a637873f-8a89-4f2d-a876-98500c118489', '68fd3388-47ff-4ab8-b949-2d487c3bd844', 'e475a28e-6563-4555-8738-f9153d70517e', 4, '93e61441-e952-4757-99cc-74fa72a54e47'),
  ('ad76acab-2608-4be1-a514-60599e6c298e', 'a637873f-8a89-4f2d-a876-98500c118489', '68fd3388-47ff-4ab8-b949-2d487c3bd844', '11f76746-5267-4084-9631-cbec55188dd9', 5, '93e61441-e952-4757-99cc-74fa72a54e47'),
  ('9947d465-c943-4ff2-b8e2-05b9ce888eec', 'a637873f-8a89-4f2d-a876-98500c118489', '68fd3388-47ff-4ab8-b949-2d487c3bd844', 'd830f074-05f0-43c9-9535-2d9d2ca0d5be', 5, '93e61441-e952-4757-99cc-74fa72a54e47'),
  ('3871d51a-ae75-4acc-9583-a348df11ea0d', 'a637873f-8a89-4f2d-a876-98500c118489', '68fd3388-47ff-4ab8-b949-2d487c3bd844', '266dffe9-9962-4f40-82d7-6ad8d1263a6d', 5, '93e61441-e952-4757-99cc-74fa72a54e47'),
  ('618ab228-f62d-4f5d-88b2-1705f66131c7', 'a637873f-8a89-4f2d-a876-98500c118489', '68fd3388-47ff-4ab8-b949-2d487c3bd844', '7012cc5a-bf64-4d16-9adc-77155ce32bd8', 5, '93e61441-e952-4757-99cc-74fa72a54e47'),
  ('1db5175b-8c64-4bfa-928a-bf9d968d74ff', 'a637873f-8a89-4f2d-a876-98500c118489', '68fd3388-47ff-4ab8-b949-2d487c3bd844', '11f81451-bc9f-4a37-a1a5-5e1b0a04150a', 5, '93e61441-e952-4757-99cc-74fa72a54e47'),
  ('86d70082-ae08-43a8-85ac-ee44fa286a95', 'a637873f-8a89-4f2d-a876-98500c118489', '68fd3388-47ff-4ab8-b949-2d487c3bd844', '6f2f6fe9-895f-4c6d-81b8-cc7232941dd5', 5, '93e61441-e952-4757-99cc-74fa72a54e47'),
  ('c167e0eb-c216-4a14-83d2-c26538daf8cb', 'a637873f-8a89-4f2d-a876-98500c118489', '68fd3388-47ff-4ab8-b949-2d487c3bd844', '906ebaa1-2e6e-4bfe-b2e7-70b8eba020c2', 6, '93e61441-e952-4757-99cc-74fa72a54e47'),
  ('a731e802-1c5d-4e7d-9080-53019bbc999b', 'a637873f-8a89-4f2d-a876-98500c118489', '68fd3388-47ff-4ab8-b949-2d487c3bd844', '01116eab-37bb-43b5-9096-8241f5b2c0e8', 6, '93e61441-e952-4757-99cc-74fa72a54e47'),
  ('35718531-87e4-42d2-87a2-6a9d9d5838a6', 'a637873f-8a89-4f2d-a876-98500c118489', '68fd3388-47ff-4ab8-b949-2d487c3bd844', '49227e48-908d-4c4a-b94d-8e22ede2eb52', 6, '93e61441-e952-4757-99cc-74fa72a54e47'),
  ('763cbe76-6929-4fe8-942d-d6d3b04d495e', 'a637873f-8a89-4f2d-a876-98500c118489', '68fd3388-47ff-4ab8-b949-2d487c3bd844', '10635efd-d535-4055-806d-c699e4ba89d3', 6, '93e61441-e952-4757-99cc-74fa72a54e47'),
  ('dae5b580-b6d5-4474-b6d9-41c3347b7c74', 'a637873f-8a89-4f2d-a876-98500c118489', '68fd3388-47ff-4ab8-b949-2d487c3bd844', '5354782b-4d01-4aa8-9dae-f226f48118e5', 6, '93e61441-e952-4757-99cc-74fa72a54e47'),
  ('48e61301-a273-45e5-baeb-3c750097b92e', 'a637873f-8a89-4f2d-a876-98500c118489', '68fd3388-47ff-4ab8-b949-2d487c3bd844', '8bffb96c-0ba1-4711-995f-95b21f64b040', 6, '93e61441-e952-4757-99cc-74fa72a54e47'),
  ('1bb0f676-3bea-4117-b681-c4fa8fb61feb', 'a637873f-8a89-4f2d-a876-98500c118489', '68fd3388-47ff-4ab8-b949-2d487c3bd844', '03a7f71a-2778-4cc4-8ccc-017556d2c1e0', 7, '93e61441-e952-4757-99cc-74fa72a54e47'),
  ('c827df3c-8000-4dd6-ba65-8ef227983f8d', 'a637873f-8a89-4f2d-a876-98500c118489', '68fd3388-47ff-4ab8-b949-2d487c3bd844', '2a8f3ba6-fdd4-496c-ab14-79f9475e4df1', 7, '93e61441-e952-4757-99cc-74fa72a54e47'),
  ('25ce230d-eb8c-46b0-8b83-08d27db1aafa', 'a637873f-8a89-4f2d-a876-98500c118489', '68fd3388-47ff-4ab8-b949-2d487c3bd844', '297f44f2-97c4-4425-be34-8034e0c7a32a', 7, '93e61441-e952-4757-99cc-74fa72a54e47'),
  ('c9288da5-bd74-43b2-ab6e-db6ff1e10e0b', 'a637873f-8a89-4f2d-a876-98500c118489', '68fd3388-47ff-4ab8-b949-2d487c3bd844', 'b0df1fdf-d462-42b5-810c-393549688be7', 7, '93e61441-e952-4757-99cc-74fa72a54e47'),
  ('f81f7a2c-1973-401e-a0bb-7e8b5e65e827', 'a637873f-8a89-4f2d-a876-98500c118489', '68fd3388-47ff-4ab8-b949-2d487c3bd844', '382afd3f-cfcc-4a69-bee5-a0d4e4ae90fa', 7, '93e61441-e952-4757-99cc-74fa72a54e47'),
  ('6d5c92ab-8291-455b-9f5a-fcd15eb27f0c', 'a637873f-8a89-4f2d-a876-98500c118489', '68fd3388-47ff-4ab8-b949-2d487c3bd844', '93d1a541-d5b7-49e0-b6d5-7f50c4547e7c', 8, '93e61441-e952-4757-99cc-74fa72a54e47'),
  ('289ba1e8-fc86-4dee-a229-fba0972fb05a', 'a637873f-8a89-4f2d-a876-98500c118489', '68fd3388-47ff-4ab8-b949-2d487c3bd844', '4bfb3521-cef9-4694-b7e5-79072bdf2744', 8, '93e61441-e952-4757-99cc-74fa72a54e47'),
  ('0093b97b-6bea-4d24-8a3e-c54a231b1162', '86f05125-991a-4a46-8a42-d17b299c807e', '89992ba7-5e69-40fd-b963-aca6c03a101c', '9c276f66-acaf-43b5-9e17-c1b4a29577c1', 2, '9efe7c52-4e28-4466-b0aa-35ebcd37cc55'),
  ('0486aba1-697e-4dd9-ae2f-972dd011f77f', '86f05125-991a-4a46-8a42-d17b299c807e', '89992ba7-5e69-40fd-b963-aca6c03a101c', 'a0a6830b-0e29-41b9-9ecc-5520b494aa52', 2, '9efe7c52-4e28-4466-b0aa-35ebcd37cc55'),
  ('89d4a6f1-00fa-4ed7-a035-18c8d7cfba3e', '86f05125-991a-4a46-8a42-d17b299c807e', '89992ba7-5e69-40fd-b963-aca6c03a101c', '72bb412f-a16a-4b08-a11f-4540a9efafef', 2, '9efe7c52-4e28-4466-b0aa-35ebcd37cc55'),
  ('00202783-f0d6-4d74-be13-5c3351c620be', '86f05125-991a-4a46-8a42-d17b299c807e', '89992ba7-5e69-40fd-b963-aca6c03a101c', '9dbbd00d-849b-4b7f-a62f-4a473212a2ad', 2, '9efe7c52-4e28-4466-b0aa-35ebcd37cc55'),
  ('25bfec5c-3630-498a-b394-2254062124e0', '86f05125-991a-4a46-8a42-d17b299c807e', '89992ba7-5e69-40fd-b963-aca6c03a101c', '15725480-020e-41fc-889c-e29ce8bec25a', 2, '9efe7c52-4e28-4466-b0aa-35ebcd37cc55'),
  ('5f391294-e264-4fd8-8d3d-505f1c7dbcae', '86f05125-991a-4a46-8a42-d17b299c807e', '89992ba7-5e69-40fd-b963-aca6c03a101c', 'b6214d27-776b-4576-8395-dab87fe2320c', 2, '9efe7c52-4e28-4466-b0aa-35ebcd37cc55'),
  ('d4a9d593-774e-4d37-925e-59c4c40c18be', '86f05125-991a-4a46-8a42-d17b299c807e', '89992ba7-5e69-40fd-b963-aca6c03a101c', '9d18eac7-f105-4242-b447-641676257309', 3, '9efe7c52-4e28-4466-b0aa-35ebcd37cc55'),
  ('b328efc5-2065-49f5-8d8f-855619e76073', '86f05125-991a-4a46-8a42-d17b299c807e', '89992ba7-5e69-40fd-b963-aca6c03a101c', 'abacbaac-d20b-488c-af7e-4917b6c36156', 3, '9efe7c52-4e28-4466-b0aa-35ebcd37cc55'),
  ('07daf443-3dc7-42b1-b688-d678f4ac0d05', '86f05125-991a-4a46-8a42-d17b299c807e', '89992ba7-5e69-40fd-b963-aca6c03a101c', '6f876ea8-bfc7-4e05-aee2-e3123655714c', 3, '9efe7c52-4e28-4466-b0aa-35ebcd37cc55'),
  ('38242f4f-2997-46d3-963a-096662e0f7e5', '86f05125-991a-4a46-8a42-d17b299c807e', '89992ba7-5e69-40fd-b963-aca6c03a101c', 'c5f52288-678e-4645-a614-87099e716aa0', 3, '9efe7c52-4e28-4466-b0aa-35ebcd37cc55'),
  ('e6e7236c-d055-4bda-8c3c-69b22ea5b65b', '86f05125-991a-4a46-8a42-d17b299c807e', '89992ba7-5e69-40fd-b963-aca6c03a101c', 'e768da13-6a00-41e6-8545-1619cf035014', 3, '9efe7c52-4e28-4466-b0aa-35ebcd37cc55'),
  ('ca88ae11-fbb9-4ae1-b716-095837cd30ea', '86f05125-991a-4a46-8a42-d17b299c807e', '89992ba7-5e69-40fd-b963-aca6c03a101c', 'e475a28e-6563-4555-8738-f9153d70517e', 3, '9efe7c52-4e28-4466-b0aa-35ebcd37cc55'),
  ('64838b15-4efc-47a2-aac1-d7109626881c', '86f05125-991a-4a46-8a42-d17b299c807e', '89992ba7-5e69-40fd-b963-aca6c03a101c', '1fc3f912-ab2f-4c98-a681-4724b0f924b2', 4, '9efe7c52-4e28-4466-b0aa-35ebcd37cc55'),
  ('f19c6e37-d6cb-4359-957a-a51c31912166', '86f05125-991a-4a46-8a42-d17b299c807e', '89992ba7-5e69-40fd-b963-aca6c03a101c', 'c65e3366-2f48-458b-b066-2b24cc29b438', 4, '9efe7c52-4e28-4466-b0aa-35ebcd37cc55'),
  ('6c7eb52e-eea5-425f-902d-067b9237acb0', '86f05125-991a-4a46-8a42-d17b299c807e', '89992ba7-5e69-40fd-b963-aca6c03a101c', 'a28a3f6c-7bfe-4923-89ec-68e5244a9ebd', 4, '9efe7c52-4e28-4466-b0aa-35ebcd37cc55'),
  ('30206d98-25e9-44c7-b76e-e507cf233fc7', '86f05125-991a-4a46-8a42-d17b299c807e', '89992ba7-5e69-40fd-b963-aca6c03a101c', 'e282448d-098f-457e-aeca-b6716e11b27c', 4, '9efe7c52-4e28-4466-b0aa-35ebcd37cc55'),
  ('62b61efd-1570-4383-a573-dc61b99ff2c0', '86f05125-991a-4a46-8a42-d17b299c807e', '89992ba7-5e69-40fd-b963-aca6c03a101c', 'aaa19d7e-0bd5-47ef-9929-6dce1e71daca', 4, '9efe7c52-4e28-4466-b0aa-35ebcd37cc55'),
  ('4e9a2c1b-ff31-48c1-923a-67637bcab3cf', '86f05125-991a-4a46-8a42-d17b299c807e', '89992ba7-5e69-40fd-b963-aca6c03a101c', 'c46d07cd-0442-46d9-9c9f-cc6550c579fa', 4, '9efe7c52-4e28-4466-b0aa-35ebcd37cc55'),
  ('c8e3924f-ed0a-401a-ad1f-63cb0a7579f1', '86f05125-991a-4a46-8a42-d17b299c807e', '89992ba7-5e69-40fd-b963-aca6c03a101c', '8fbe9f00-5baf-480a-a0b4-710fb986da40', 5, '9efe7c52-4e28-4466-b0aa-35ebcd37cc55'),
  ('7173849d-1c97-46b4-b296-00a6a0c917d2', '86f05125-991a-4a46-8a42-d17b299c807e', '89992ba7-5e69-40fd-b963-aca6c03a101c', '87084d29-131e-4a80-b746-3b6d0848c9ac', 5, '9efe7c52-4e28-4466-b0aa-35ebcd37cc55'),
  ('06603ecf-cf67-4334-b66b-15751fd62a54', '86f05125-991a-4a46-8a42-d17b299c807e', '89992ba7-5e69-40fd-b963-aca6c03a101c', '9446f491-7714-4483-91dc-8124b6a53bd7', 5, '9efe7c52-4e28-4466-b0aa-35ebcd37cc55'),
  ('0903b4ab-ed70-43bf-868c-6dc7c7ad74bf', '86f05125-991a-4a46-8a42-d17b299c807e', '89992ba7-5e69-40fd-b963-aca6c03a101c', '6f4e4fa2-fd84-4cfb-a144-b57b94ed0df5', 5, '9efe7c52-4e28-4466-b0aa-35ebcd37cc55'),
  ('c61df54e-d56a-4c7a-b316-24c7d4b739a1', '86f05125-991a-4a46-8a42-d17b299c807e', '89992ba7-5e69-40fd-b963-aca6c03a101c', '93a44b74-3612-47ed-b4b4-e71c2c5a6bc2', 5, '9efe7c52-4e28-4466-b0aa-35ebcd37cc55'),
  ('2606a2c7-976c-4605-813f-9ea962482753', '86f05125-991a-4a46-8a42-d17b299c807e', '89992ba7-5e69-40fd-b963-aca6c03a101c', 'dd2c507d-4e2e-48d4-8c75-e80d60af77ac', 5, '9efe7c52-4e28-4466-b0aa-35ebcd37cc55'),
  ('5a34225a-5de8-49b4-895b-ad1591c59d2f', '86f05125-991a-4a46-8a42-d17b299c807e', '89992ba7-5e69-40fd-b963-aca6c03a101c', '9e5fbaa3-6f73-4e05-84bc-3c2b3a0fcb3d', 6, '9efe7c52-4e28-4466-b0aa-35ebcd37cc55'),
  ('aa47a9ca-d9e9-4cee-a9d5-bfa38b2cc365', '86f05125-991a-4a46-8a42-d17b299c807e', '89992ba7-5e69-40fd-b963-aca6c03a101c', 'db07d6b1-5d5f-44b1-9f6c-1e84e8d1b73a', 6, '9efe7c52-4e28-4466-b0aa-35ebcd37cc55'),
  ('2cc1fda6-19dc-46b2-a0d9-bd7edcf3c679', '86f05125-991a-4a46-8a42-d17b299c807e', '89992ba7-5e69-40fd-b963-aca6c03a101c', 'e2169593-9d8c-480c-a718-975c84db1a3b', 6, '9efe7c52-4e28-4466-b0aa-35ebcd37cc55'),
  ('7648e5a5-b39a-4557-a884-a6d62c2557a4', '86f05125-991a-4a46-8a42-d17b299c807e', '89992ba7-5e69-40fd-b963-aca6c03a101c', '6f2f6fe9-895f-4c6d-81b8-cc7232941dd5', 6, '9efe7c52-4e28-4466-b0aa-35ebcd37cc55'),
  ('a18cbf2c-f840-450a-b0f5-c4baa3c6d5d0', '86f05125-991a-4a46-8a42-d17b299c807e', '89992ba7-5e69-40fd-b963-aca6c03a101c', '932b67cd-ec37-4f77-9b91-637f06955d60', 6, '9efe7c52-4e28-4466-b0aa-35ebcd37cc55'),
  ('e969987c-46b5-4525-96ea-86918376dae2', '86f05125-991a-4a46-8a42-d17b299c807e', '89992ba7-5e69-40fd-b963-aca6c03a101c', '266dffe9-9962-4f40-82d7-6ad8d1263a6d', 6, '9efe7c52-4e28-4466-b0aa-35ebcd37cc55'),
  ('688ad00e-cf02-412e-9d86-807073015dc6', '86f05125-991a-4a46-8a42-d17b299c807e', '89992ba7-5e69-40fd-b963-aca6c03a101c', '0182819d-8e45-4c50-824b-157fe42b86f2', 7, '9efe7c52-4e28-4466-b0aa-35ebcd37cc55'),
  ('835c3498-67d4-46f7-852a-621e16c8e935', '86f05125-991a-4a46-8a42-d17b299c807e', '89992ba7-5e69-40fd-b963-aca6c03a101c', '03a7f71a-2778-4cc4-8ccc-017556d2c1e0', 7, '9efe7c52-4e28-4466-b0aa-35ebcd37cc55'),
  ('8bc1faf3-25fa-4ba9-bad0-d118fcda4845', '86f05125-991a-4a46-8a42-d17b299c807e', '89992ba7-5e69-40fd-b963-aca6c03a101c', 'f6e7b321-12cc-4bf0-8966-b1d30f99e8ee', 7, '9efe7c52-4e28-4466-b0aa-35ebcd37cc55'),
  ('731c4310-3b8a-44be-b534-fa671830d336', '86f05125-991a-4a46-8a42-d17b299c807e', '89992ba7-5e69-40fd-b963-aca6c03a101c', '4bfb3521-cef9-4694-b7e5-79072bdf2744', 8, '9efe7c52-4e28-4466-b0aa-35ebcd37cc55'),
  ('c4f3980c-c18e-44cd-a961-f43c3dcbafb7', '86f05125-991a-4a46-8a42-d17b299c807e', '89992ba7-5e69-40fd-b963-aca6c03a101c', '93d1a541-d5b7-49e0-b6d5-7f50c4547e7c', 8, '9efe7c52-4e28-4466-b0aa-35ebcd37cc55');

-- ETS records (exámenes programados)
INSERT INTO ets (id_ets, fechahorainicio, fechahorafin, turno, estado, id_periodoets, id_salon, id_carrera_materia, id_jefeacademia) VALUES
  ('3fb705eb-be14-4f4e-b1d9-9ccf27cc95ca', '2026-07-06T07:00:00-06:00', '2026-07-06T09:00:00-06:00', 'Matutino', 'activo', 'ee627f61-a572-4a69-a1d9-84f4194e03ed', '71733d65-be3e-4c89-9650-781cd2d74cfa', 'd2d49717-a98b-4c4b-abc0-283881ea3b3b', '4a16dba4-09eb-4e83-ba89-5b68c12161e4'),
  ('78b57f5c-6af3-4f32-aced-db4adb70eaf3', '2026-07-06T09:00:00-06:00', '2026-07-06T11:00:00-06:00', 'Matutino', 'activo', 'ee627f61-a572-4a69-a1d9-84f4194e03ed', '71733d65-be3e-4c89-9650-781cd2d74cfa', 'cff3dfef-37d9-4223-b34e-c87a693eccb8', '028d7cbf-14b1-45cb-9208-44f23da86841'),
  ('3d4f7c0c-95bf-48f5-9a91-b0ee516809db', '2026-07-06T11:00:00-06:00', '2026-07-06T13:00:00-06:00', 'Matutino', 'activo', 'ee627f61-a572-4a69-a1d9-84f4194e03ed', '71733d65-be3e-4c89-9650-781cd2d74cfa', '76d774b0-1155-45bd-a7a5-8db7d21fbf2a', '97acb4d7-ddef-4924-810a-484e0a8912d4'),
  ('75c1e9e8-9640-4220-8cce-390f2af13479', '2026-07-06T13:00:00-06:00', '2026-07-06T15:00:00-06:00', 'Matutino', 'activo', 'ee627f61-a572-4a69-a1d9-84f4194e03ed', '71733d65-be3e-4c89-9650-781cd2d74cfa', '501336d3-d739-4ed7-aa43-124f49818ac5', '27a8ae94-f809-4fdc-96f0-0b627fb1044f'),
  ('480a7ffd-8b31-42d0-a718-f30d144be562', '2026-07-06T15:00:00-06:00', '2026-07-06T17:00:00-06:00', 'Vespertino', 'activo', 'ee627f61-a572-4a69-a1d9-84f4194e03ed', '71733d65-be3e-4c89-9650-781cd2d74cfa', '8a61b6ee-cfaf-4c02-9953-a0c059d015dc', '8c855a8c-fa48-4a91-8643-be80f878d96b'),
  ('ba7fca79-7013-4f97-9a53-1d209f96e2e1', '2026-07-06T07:00:00-06:00', '2026-07-06T09:00:00-06:00', 'Matutino', 'activo', 'ee627f61-a572-4a69-a1d9-84f4194e03ed', '85e3fb96-09c0-4edd-88ae-e52210de3590', '0c103c21-df9f-4ba8-8f4e-e4e6f02ee480', '3cc9bab3-18a3-4e14-90d6-b5b0c87fb239'),
  ('3c2e5603-2e95-4b11-920e-a13cb8aff2f1', '2026-07-06T09:00:00-06:00', '2026-07-06T11:00:00-06:00', 'Matutino', 'activo', 'ee627f61-a572-4a69-a1d9-84f4194e03ed', '85e3fb96-09c0-4edd-88ae-e52210de3590', '5c280f71-5d27-4f9d-b7f6-d69d846b6fef', '27a8ae94-f809-4fdc-96f0-0b627fb1044f'),
  ('9fc037fe-1a6f-4255-bd59-db81e7fdae67', '2026-07-06T11:00:00-06:00', '2026-07-06T13:00:00-06:00', 'Matutino', 'activo', 'ee627f61-a572-4a69-a1d9-84f4194e03ed', '324865a5-1396-4734-a310-b22e26c084af', '84300cc9-0f69-474a-b3f4-d38f6bc1ca00', 'bbe8d651-1b11-45ee-8bf3-63c3c6a9b7c6'),
  ('59fb7108-4498-409c-b42d-e941a989b787', '2026-07-06T13:00:00-06:00', '2026-07-06T15:00:00-06:00', 'Matutino', 'activo', 'ee627f61-a572-4a69-a1d9-84f4194e03ed', '85e3fb96-09c0-4edd-88ae-e52210de3590', 'e03234f8-4d53-4c52-b90f-5e0a909cd036', '612fbe5c-1841-4701-8537-0771519bcb86'),
  ('75a045a5-5c59-4138-8d94-56d8dae13371', '2026-07-06T15:00:00-06:00', '2026-07-06T17:00:00-06:00', 'Vespertino', 'activo', 'ee627f61-a572-4a69-a1d9-84f4194e03ed', '85e3fb96-09c0-4edd-88ae-e52210de3590', 'ab87bfcb-4b25-4906-8848-7d38477b58ba', 'a52c4b25-4415-42dd-b695-9158c1c3cfbe'),
  ('58de876c-b0c6-4761-992c-d70dd046c7bd', '2026-07-06T17:00:00-06:00', '2026-07-06T19:00:00-06:00', 'Vespertino', 'activo', 'ee627f61-a572-4a69-a1d9-84f4194e03ed', '85e3fb96-09c0-4edd-88ae-e52210de3590', '8dca6698-bd0d-4799-8926-50692ec87d41', '2d3c88e9-7266-428c-a659-d30d882051ff'),
  ('0ea2cafd-bce9-443a-8db2-bbcaaf5f2112', '2026-07-13T07:00:00-06:00', '2026-07-13T09:00:00-06:00', 'Matutino', 'activo', 'ee627f61-a572-4a69-a1d9-84f4194e03ed', '4f25976c-5556-409f-86b6-7c326631ead3', '35709790-dc88-48ab-920e-29f798932e0a', '2559eab2-e0a9-453b-a944-086b0a872f7d'),
  ('41bf97ce-85ed-425b-97d4-8f6c53fdf4c3', '2026-07-13T09:00:00-06:00', '2026-07-13T11:00:00-06:00', 'Matutino', 'activo', 'ee627f61-a572-4a69-a1d9-84f4194e03ed', '4f25976c-5556-409f-86b6-7c326631ead3', '58d519f0-f139-4c07-b41f-c07e247a3c42', '91c9135b-6d86-4e39-b105-21aaf2bc2e20'),
  ('23dc6e2b-4301-4e0e-a48d-5b480045b6ef', '2026-07-13T11:00:00-06:00', '2026-07-13T13:00:00-06:00', 'Matutino', 'activo', 'ee627f61-a572-4a69-a1d9-84f4194e03ed', '4f25976c-5556-409f-86b6-7c326631ead3', '7c8a7617-8cf0-408e-8194-b9e686bea17c', '24e65c60-3bc3-45c9-9d96-8bc290b04035'),
  ('5be8939d-ef26-484d-adc4-000c5685b3d2', '2026-07-13T13:00:00-06:00', '2026-07-13T15:00:00-06:00', 'Matutino', 'activo', 'ee627f61-a572-4a69-a1d9-84f4194e03ed', '4f25976c-5556-409f-86b6-7c326631ead3', '476fd526-1619-4e15-926f-9639b7f5721f', 'ac3ce950-ec48-45fc-8422-489455f2fa55'),
  ('e76b68cb-0bde-45b9-ae37-c41fe70546cd', '2026-07-13T15:00:00-06:00', '2026-07-13T17:00:00-06:00', 'Vespertino', 'activo', 'ee627f61-a572-4a69-a1d9-84f4194e03ed', '4f25976c-5556-409f-86b6-7c326631ead3', '80dbd434-4875-4747-bffa-b077177a2617', '3bd8414b-3e2a-48c3-a516-f5a348731fc4'),
  ('4d6b17ce-42a0-4fbf-8f41-02e8db2e147a', '2026-07-13T17:00:00-06:00', '2026-07-13T19:00:00-06:00', 'Vespertino', 'activo', 'ee627f61-a572-4a69-a1d9-84f4194e03ed', '4f25976c-5556-409f-86b6-7c326631ead3', '0c461661-1f67-449b-b210-da84519e6ad4', '4a3806cb-c0d2-40f8-b2e5-baa49b32fbc3'),
  ('239e746d-5fe8-4b4e-a626-2a66202f4860', '2026-07-13T07:00:00-06:00', '2026-07-13T09:00:00-06:00', 'Matutino', 'activo', 'ee627f61-a572-4a69-a1d9-84f4194e03ed', '4f25976c-5556-409f-86b6-7c326631ead3', 'a119866a-b93f-4e8c-9d7f-cb1b292ff224', '0bd17f28-6980-49b3-a8bd-afc35aca5861'),
  ('be86faba-d7de-4c76-8fc5-d33794e72a06', '2026-07-13T07:00:00-06:00', '2026-07-13T09:00:00-06:00', 'Matutino', 'activo', 'ee627f61-a572-4a69-a1d9-84f4194e03ed', 'dcf39c20-f64b-4e6b-b21c-e83c8697811f', '8e08f35f-ced2-4051-a548-36eee55f7154', 'c30375f0-df3d-4b20-8fe3-a62236a9b8e5'),
  ('12358ec5-8c75-4d0a-997b-fd6b6fe89bbe', '2026-07-13T09:00:00-06:00', '2026-07-13T11:00:00-06:00', 'Matutino', 'activo', 'ee627f61-a572-4a69-a1d9-84f4194e03ed', '7bbe487e-0874-4faa-95bf-adcd49bebaa7', 'dcf51d77-dbfd-4919-aa33-b694847b1ddf', 'b313651f-5a2e-489d-8933-906188684ee9'),
  ('b0238c45-3445-47ee-8f30-2870cb386ba1', '2026-07-13T11:00:00-06:00', '2026-07-13T13:00:00-06:00', 'Matutino', 'activo', 'ee627f61-a572-4a69-a1d9-84f4194e03ed', 'e3cd30b8-53d6-4ba8-a282-9f82a0c7b8e8', '0eb62960-8ff6-4398-b11b-1c6acdcd396f', '1b626072-332e-4391-9a19-b27b3379016c'),
  ('072aa7ac-ec44-40b9-b00c-202523b35b3a', '2026-07-13T13:00:00-06:00', '2026-07-13T15:00:00-06:00', 'Matutino', 'activo', 'ee627f61-a572-4a69-a1d9-84f4194e03ed', 'dcf39c20-f64b-4e6b-b21c-e83c8697811f', '875c570b-9849-4628-8251-dd586db93272', 'b01a466e-d8cf-4806-ac52-c8f2326c4294'),
  ('d7e4dead-8eba-49a1-8e7a-15036b12088d', '2026-07-13T15:00:00-06:00', '2026-07-13T17:00:00-06:00', 'Vespertino', 'activo', 'ee627f61-a572-4a69-a1d9-84f4194e03ed', 'dcf39c20-f64b-4e6b-b21c-e83c8697811f', '54ef01b4-3751-40dd-86f0-0bb92c3b790f', '65665a2c-e045-4764-8bfa-a966342d861a'),
  ('270c4980-7391-427a-8048-27f31bc1b0f1', '2026-07-13T17:00:00-06:00', '2026-07-13T19:00:00-06:00', 'Vespertino', 'activo', 'ee627f61-a572-4a69-a1d9-84f4194e03ed', 'dcf39c20-f64b-4e6b-b21c-e83c8697811f', '5e8ef46b-3c75-4e35-9350-d27a57879c73', '6d388886-d3b4-48b8-a317-bb321c43a41c'),
  ('84a525bd-d9a3-42ce-838a-706dd9eb7e2e', '2026-07-13T07:00:00-06:00', '2026-07-13T09:00:00-06:00', 'Matutino', 'activo', 'ee627f61-a572-4a69-a1d9-84f4194e03ed', 'dcf39c20-f64b-4e6b-b21c-e83c8697811f', 'a715a9a9-eeaa-42e8-bf84-2398cec376bd', 'a8855b2d-550a-4a47-b8d8-bb26c1e608ec'),
  ('79be480a-56f5-42eb-802d-ecffa9953b6a', '2026-07-20T07:00:00-06:00', '2026-07-20T09:00:00-06:00', 'Matutino', 'activo', 'ee627f61-a572-4a69-a1d9-84f4194e03ed', 'd4894971-0502-4709-a82a-d50c0e727291', '0a494ee2-26e5-4a35-acf1-c93c6e9fb90e', '2f1fd820-6afc-4c07-b56a-46fa31f19a6c'),
  ('47557133-972d-4649-a62e-ce8ec4943646', '2026-07-20T09:00:00-06:00', '2026-07-20T11:00:00-06:00', 'Matutino', 'activo', 'ee627f61-a572-4a69-a1d9-84f4194e03ed', 'd4894971-0502-4709-a82a-d50c0e727291', 'cc44b020-9390-47c9-a41e-581eb31f2688', 'e0f8bb50-caa3-4e00-be1e-e6c2e2ffeca4'),
  ('d80463e5-1ef1-4f9e-99e9-f57339b28433', '2026-07-20T11:00:00-06:00', '2026-07-20T13:00:00-06:00', 'Matutino', 'activo', 'ee627f61-a572-4a69-a1d9-84f4194e03ed', 'd4894971-0502-4709-a82a-d50c0e727291', 'dd35924c-a988-48a2-b863-13c2ce511537', '580a12fb-0db5-4217-9df4-31d49be6741a'),
  ('17e7f981-1b47-4b41-8a88-e552864bb2fa', '2026-07-20T13:00:00-06:00', '2026-07-20T15:00:00-06:00', 'Matutino', 'activo', 'ee627f61-a572-4a69-a1d9-84f4194e03ed', 'd4894971-0502-4709-a82a-d50c0e727291', 'ea450949-1e01-4ee7-82f8-dc7d0d715a77', '74f15467-9c75-4bce-9b9d-4ff330d61e32'),
  ('7661c82c-8891-4bad-bcfe-0e82c86c88ba', '2026-07-20T15:00:00-06:00', '2026-07-20T17:00:00-06:00', 'Vespertino', 'activo', 'ee627f61-a572-4a69-a1d9-84f4194e03ed', 'd4894971-0502-4709-a82a-d50c0e727291', '24236e52-caca-4f63-a67a-2191a7b2aceb', '19dfe0fd-5c65-4034-83d2-bd16dcc0ea17'),
  ('61a84972-5efa-49b0-91ff-3b2fc8de66e9', '2026-07-20T17:00:00-06:00', '2026-07-20T19:00:00-06:00', 'Vespertino', 'activo', 'ee627f61-a572-4a69-a1d9-84f4194e03ed', 'd4894971-0502-4709-a82a-d50c0e727291', 'eb07b3e4-7998-4de3-a426-5ffa81dd5c5b', 'b98991df-baf3-4abf-8cba-1875d446703a'),
  ('44be9c12-398f-4c94-ade7-5209f5bfbe26', '2026-07-20T07:00:00-06:00', '2026-07-20T09:00:00-06:00', 'Matutino', 'activo', 'ee627f61-a572-4a69-a1d9-84f4194e03ed', 'd4894971-0502-4709-a82a-d50c0e727291', '93e48e7e-1ec8-4bf3-9e9f-0b650e153155', 'ffaab0c4-c9db-4ccd-8f73-6a41e605d6ee'),
  ('cdb68d69-5c85-415f-8e05-8316653d5f9b', '2026-07-20T07:00:00-06:00', '2026-07-20T09:00:00-06:00', 'Matutino', 'activo', 'ee627f61-a572-4a69-a1d9-84f4194e03ed', 'df439973-ffca-4a51-aeac-3994129b23b2', '3700da1b-2f7c-4561-be9d-c29d02dbbb04', 'cee487ce-c41d-4e39-a89d-0f21e551f7a7'),
  ('33dfc8d3-496f-4965-b43e-397a5631dee0', '2026-07-20T09:00:00-06:00', '2026-07-20T11:00:00-06:00', 'Matutino', 'activo', 'ee627f61-a572-4a69-a1d9-84f4194e03ed', 'df439973-ffca-4a51-aeac-3994129b23b2', 'ef478a25-32f8-48d4-a45a-88d47eac386e', '0f57462e-4b72-4b6f-991b-5b63a24afbaa'),
  ('fd5e1aa1-a334-4837-ba88-3781cd74b7fc', '2026-07-20T11:00:00-06:00', '2026-07-20T13:00:00-06:00', 'Matutino', 'activo', 'ee627f61-a572-4a69-a1d9-84f4194e03ed', 'df439973-ffca-4a51-aeac-3994129b23b2', 'ee264608-f8e3-4315-89a3-d2699cb90fb0', 'e5637243-39f0-4fc1-a8c9-98cdf4f07701'),
  ('8b5dc537-f706-4fb6-80de-724f602e99a7', '2026-07-20T13:00:00-06:00', '2026-07-20T15:00:00-06:00', 'Matutino', 'activo', 'ee627f61-a572-4a69-a1d9-84f4194e03ed', '77221ecf-7e1a-4465-a7eb-7cb706f18af7', '1c671d21-6d7b-4a23-bc1c-4a6214aad7a6', 'cf74d86d-f48d-46bf-8d09-53cd62283ce3'),
  ('281a55fd-81ec-4188-945c-c919e1976931', '2026-07-20T15:00:00-06:00', '2026-07-20T17:00:00-06:00', 'Vespertino', 'activo', 'ee627f61-a572-4a69-a1d9-84f4194e03ed', 'df439973-ffca-4a51-aeac-3994129b23b2', '7a449989-beea-48e7-a530-aac4f3ec3757', '9b0bccf7-5edd-4be5-8986-ddbecd56a86c'),
  ('8762dace-3487-47eb-99c6-c196174b2260', '2026-07-20T17:00:00-06:00', '2026-07-20T19:00:00-06:00', 'Vespertino', 'activo', 'ee627f61-a572-4a69-a1d9-84f4194e03ed', 'df439973-ffca-4a51-aeac-3994129b23b2', '692d1182-41ac-493a-a6f2-249eb208cba1', '72fe86d7-df1b-4e14-b327-d027dba4e98c'),
  ('83b6c95a-19d4-4ff9-a90a-084eea9451ec', '2026-07-20T07:00:00-06:00', '2026-07-20T09:00:00-06:00', 'Matutino', 'activo', 'ee627f61-a572-4a69-a1d9-84f4194e03ed', 'df439973-ffca-4a51-aeac-3994129b23b2', 'fc6f10fb-69ff-4cf4-8324-1f03768ecb40', 'd35103ee-005e-4b93-9910-92f662e66af2'),
  ('d07badd9-9c2b-4413-971f-11cdef177da1', '2026-07-27T07:00:00-06:00', '2026-07-27T09:00:00-06:00', 'Matutino', 'activo', 'ee627f61-a572-4a69-a1d9-84f4194e03ed', '0359a2ab-803e-4034-8ba1-65c6e845b0a0', '60b9944c-25a1-4adf-84d1-00beccb3b4de', 'a87e13d1-b425-4ce4-8fa5-a23e397c0e27'),
  ('2535eac5-572b-4d2c-abde-9efe96561b98', '2026-07-27T09:00:00-06:00', '2026-07-27T11:00:00-06:00', 'Matutino', 'activo', 'ee627f61-a572-4a69-a1d9-84f4194e03ed', '0359a2ab-803e-4034-8ba1-65c6e845b0a0', '3daef13b-5f80-4bff-bdf2-e64627cbacd2', '96d16466-9967-4a11-a224-c210a0b52b95'),
  ('2e25009e-54ce-4117-bd45-a3966ac62435', '2026-07-27T11:00:00-06:00', '2026-07-27T13:00:00-06:00', 'Matutino', 'activo', 'ee627f61-a572-4a69-a1d9-84f4194e03ed', '0359a2ab-803e-4034-8ba1-65c6e845b0a0', 'bf14eb7e-4d41-4b75-8699-a97cd879ad6a', '7c774de6-197c-4e92-aa15-b62ec6607ed6'),
  ('82e93599-0a3f-40a4-a634-bd92547b4f0d', '2026-07-27T13:00:00-06:00', '2026-07-27T15:00:00-06:00', 'Matutino', 'activo', 'ee627f61-a572-4a69-a1d9-84f4194e03ed', '0359a2ab-803e-4034-8ba1-65c6e845b0a0', 'c0200127-f5c8-4caf-a629-310b7a4d9e6a', '243b8aa4-bf11-4132-9b1d-fea1c07ac888'),
  ('4db9dd12-d314-4bc8-a623-835b7b901f5f', '2026-07-27T15:00:00-06:00', '2026-07-27T17:00:00-06:00', 'Vespertino', 'activo', 'ee627f61-a572-4a69-a1d9-84f4194e03ed', '0359a2ab-803e-4034-8ba1-65c6e845b0a0', 'e5a48422-d82f-4728-a0d5-3a6c0c9626f0', 'a378000b-fce4-43ac-801c-8e53f69a908c'),
  ('27bcfd33-28bc-47de-9650-7c58f8342024', '2026-07-27T07:00:00-06:00', '2026-07-27T09:00:00-06:00', 'Matutino', 'activo', 'ee627f61-a572-4a69-a1d9-84f4194e03ed', '2cda9850-5f92-4e2c-b5a4-e6d3e9c5371b', 'dd2fb25a-325b-48a1-ae1a-c9cba3b9df07', 'fb82e56d-6d90-4fc5-9b29-f5f2ad4c25b6'),
  ('b7768d47-8720-4c9d-88ea-f277a1185b52', '2026-07-27T09:00:00-06:00', '2026-07-27T11:00:00-06:00', 'Matutino', 'activo', 'ee627f61-a572-4a69-a1d9-84f4194e03ed', '2cda9850-5f92-4e2c-b5a4-e6d3e9c5371b', '1144c8d0-81ac-41af-83e0-0d3dab44fe35', '08b4b55c-e6d7-48df-91d1-6e2245802391'),
  ('bdfbba6c-b5bc-4da1-87b2-a9b761a4497a', '2026-07-27T11:00:00-06:00', '2026-07-27T13:00:00-06:00', 'Matutino', 'activo', 'ee627f61-a572-4a69-a1d9-84f4194e03ed', '2cda9850-5f92-4e2c-b5a4-e6d3e9c5371b', '467a762c-8c84-446a-b190-6951cc87d9ff', 'c999c88f-d84e-47ab-97b5-7ab47acf6894'),
  ('8059b10e-b0e7-4043-b979-d5319a587b6e', '2026-07-06T07:00:00-06:00', '2026-07-06T09:00:00-06:00', 'Matutino', 'activo', 'ee627f61-a572-4a69-a1d9-84f4194e03ed', '951b5c20-24f1-42c8-8e96-ad33fc61c483', 'fe62e952-c56f-4e1a-80d8-6efc8621e319', 'f9988f30-f4d7-46b1-bd7a-b8afbaca298a'),
  ('490f0807-62b2-4e7a-be33-d67f170ee787', '2026-07-06T09:00:00-06:00', '2026-07-06T11:00:00-06:00', 'Matutino', 'activo', 'ee627f61-a572-4a69-a1d9-84f4194e03ed', '951b5c20-24f1-42c8-8e96-ad33fc61c483', '58dc66f7-49ec-44dc-8113-91069552328c', 'da301b80-c76c-4c4b-9ae8-e66f782922fb'),
  ('3686ec60-5a11-47d8-8af6-c230c9efd51f', '2026-07-06T11:00:00-06:00', '2026-07-06T13:00:00-06:00', 'Matutino', 'activo', 'ee627f61-a572-4a69-a1d9-84f4194e03ed', '951b5c20-24f1-42c8-8e96-ad33fc61c483', 'd7c10827-f6e1-4131-9b02-cdaec108f0aa', '0b74641b-42e3-4ce9-8fbd-69fe9993cbb2'),
  ('773ca887-fec5-4221-a693-2bc2407c9739', '2026-07-06T13:00:00-06:00', '2026-07-06T15:00:00-06:00', 'Matutino', 'activo', 'ee627f61-a572-4a69-a1d9-84f4194e03ed', '951b5c20-24f1-42c8-8e96-ad33fc61c483', '1336f277-69fa-4a4a-87c9-44c91cccf09f', 'a7ffe5a8-1bea-43c1-949a-90c27068d364'),
  ('e8d60de5-fc47-4e0d-8f53-b56c7b71d607', '2026-07-06T15:00:00-06:00', '2026-07-06T17:00:00-06:00', 'Vespertino', 'activo', 'ee627f61-a572-4a69-a1d9-84f4194e03ed', '951b5c20-24f1-42c8-8e96-ad33fc61c483', '0eec519f-bef5-46fb-98dd-fa6d88cd04c6', '58421a2a-60ac-4b23-adfe-f8c5d88bd628'),
  ('43b87988-0397-43e1-a9bb-d0d7069adb90', '2026-07-13T07:00:00-06:00', '2026-07-13T09:00:00-06:00', 'Matutino', 'activo', 'ee627f61-a572-4a69-a1d9-84f4194e03ed', 'e3cd30b8-53d6-4ba8-a282-9f82a0c7b8e8', '8d73d9a0-5faa-447a-bfe5-aab64cea2750', 'ac0ca34b-090e-4407-8d57-9671540be05d'),
  ('88d0dca4-7706-4748-8e3a-2d96659f6fdd', '2026-07-13T09:00:00-06:00', '2026-07-13T11:00:00-06:00', 'Matutino', 'activo', 'ee627f61-a572-4a69-a1d9-84f4194e03ed', 'e3cd30b8-53d6-4ba8-a282-9f82a0c7b8e8', '367005ce-01fb-4b05-beff-2e5c5755425d', '579be0fc-c107-473a-8447-5bfbf909c56c'),
  ('8cfa4e6d-fa04-41a8-860b-a9483e95de63', '2026-07-13T11:00:00-06:00', '2026-07-13T13:00:00-06:00', 'Matutino', 'activo', 'ee627f61-a572-4a69-a1d9-84f4194e03ed', 'dcf39c20-f64b-4e6b-b21c-e83c8697811f', '0bb1ed78-82f2-47fd-8652-dd09eb0478ec', 'f263c67d-4deb-4cc7-a4bc-dc2729cd16f9'),
  ('8a4a40bc-276a-4e1e-903d-a55160136d85', '2026-07-13T13:00:00-06:00', '2026-07-13T15:00:00-06:00', 'Matutino', 'activo', 'ee627f61-a572-4a69-a1d9-84f4194e03ed', 'e3cd30b8-53d6-4ba8-a282-9f82a0c7b8e8', 'e08ab476-8a13-4ba0-8d0d-c1dc3bb4fe5f', 'd9f1525d-9860-4695-9b5f-545aaf1d2bb0'),
  ('be6fb86c-c3a0-4c60-9c77-be5ce262fe0a', '2026-07-13T15:00:00-06:00', '2026-07-13T17:00:00-06:00', 'Vespertino', 'activo', 'ee627f61-a572-4a69-a1d9-84f4194e03ed', 'e3cd30b8-53d6-4ba8-a282-9f82a0c7b8e8', '4c9bb113-685d-46cc-b7cc-3d087306b441', '447c173b-b7ca-4258-92a1-b86a20c5e26b'),
  ('bcdbd05c-9683-455d-a6e6-5d57c8c76b68', '2026-07-13T17:00:00-06:00', '2026-07-13T19:00:00-06:00', 'Vespertino', 'activo', 'ee627f61-a572-4a69-a1d9-84f4194e03ed', 'cd54d5b3-0597-4df1-afe3-40dfffcb471b', '18029e15-e90d-4a3c-b4d4-5fbd003c28b3', 'b98991df-baf3-4abf-8cba-1875d446703a'),
  ('4a6c442f-0886-46c5-906a-09c5757ec1d7', '2026-07-13T07:00:00-06:00', '2026-07-13T09:00:00-06:00', 'Matutino', 'activo', 'ee627f61-a572-4a69-a1d9-84f4194e03ed', 'cd5a9821-47aa-4aa5-a4a1-a3a23efc341a', 'e574a1ad-9e9a-4230-8602-fbd44f183fd7', '6d388886-d3b4-48b8-a317-bb321c43a41c'),
  ('e5758552-3ddd-444f-8775-a1f3ef0327f6', '2026-07-13T09:00:00-06:00', '2026-07-13T11:00:00-06:00', 'Matutino', 'activo', 'ee627f61-a572-4a69-a1d9-84f4194e03ed', 'cd5a9821-47aa-4aa5-a4a1-a3a23efc341a', '01cb8e5d-b186-4472-8f76-6a5b493ca5fc', '4e46631b-3191-4b0a-a8d4-d730a4889a65'),
  ('53996b6f-ce3d-4443-83e4-c4819ab2a8c2', '2026-07-13T11:00:00-06:00', '2026-07-13T13:00:00-06:00', 'Matutino', 'activo', 'ee627f61-a572-4a69-a1d9-84f4194e03ed', 'cd5a9821-47aa-4aa5-a4a1-a3a23efc341a', '00a0d865-b0d5-4536-b736-b7dbf95938df', 'c9ec17c5-b4f9-4846-af3d-f5ca876d4e23'),
  ('7c77e287-f90a-44ee-a382-e5cff811b062', '2026-07-13T13:00:00-06:00', '2026-07-13T15:00:00-06:00', 'Matutino', 'activo', 'ee627f61-a572-4a69-a1d9-84f4194e03ed', 'cd5a9821-47aa-4aa5-a4a1-a3a23efc341a', '3a0723e0-0cb6-48ca-bd9c-724bc35c37db', '6a849ffa-02c3-4213-a019-03d932e1ef92'),
  ('e2c97141-6c23-4fcc-b906-1e4201bdbbef', '2026-07-13T15:00:00-06:00', '2026-07-13T17:00:00-06:00', 'Vespertino', 'activo', 'ee627f61-a572-4a69-a1d9-84f4194e03ed', '7c23f042-6085-46a6-a1ea-5ceb11f4d12c', '9d163436-9645-4a7a-bc88-a4200118ef48', 'cfcb5969-68d8-41bf-9ca6-209ecfc34897'),
  ('e9402860-b1b5-471e-8d1c-a5463746efdd', '2026-07-13T17:00:00-06:00', '2026-07-13T19:00:00-06:00', 'Vespertino', 'activo', 'ee627f61-a572-4a69-a1d9-84f4194e03ed', 'cd5a9821-47aa-4aa5-a4a1-a3a23efc341a', 'b96957f7-5df9-434a-946e-9c7ee896b81e', 'fb82e56d-6d90-4fc5-9b29-f5f2ad4c25b6'),
  ('55f437f1-20d2-4fba-8cfe-6a8f465f2f5c', '2026-07-20T07:00:00-06:00', '2026-07-20T09:00:00-06:00', 'Matutino', 'activo', 'ee627f61-a572-4a69-a1d9-84f4194e03ed', '342bbaf8-13a5-4c45-86b3-73784aaf7831', 'ad76acab-2608-4be1-a514-60599e6c298e', '41fe43ec-9f36-4327-b952-b9f158a86e6d'),
  ('38763433-e999-44dd-80f6-a20f105c723b', '2026-07-20T09:00:00-06:00', '2026-07-20T11:00:00-06:00', 'Matutino', 'activo', 'ee627f61-a572-4a69-a1d9-84f4194e03ed', '342bbaf8-13a5-4c45-86b3-73784aaf7831', '9947d465-c943-4ff2-b8e2-05b9ce888eec', 'c9ec17c5-b4f9-4846-af3d-f5ca876d4e23'),
  ('06d61a69-fb2f-47b3-abfe-b1eee3ccef5d', '2026-07-20T11:00:00-06:00', '2026-07-20T13:00:00-06:00', 'Matutino', 'activo', 'ee627f61-a572-4a69-a1d9-84f4194e03ed', '342bbaf8-13a5-4c45-86b3-73784aaf7831', '3871d51a-ae75-4acc-9583-a348df11ea0d', '739f4548-6684-40a9-85b8-0cb6b3140fc0'),
  ('43b515ed-d92c-4a9a-b597-084b1402bdf6', '2026-07-20T13:00:00-06:00', '2026-07-20T15:00:00-06:00', 'Matutino', 'activo', 'ee627f61-a572-4a69-a1d9-84f4194e03ed', '29e9e8d3-d5ea-4850-8a2e-4a896d608099', '618ab228-f62d-4f5d-88b2-1705f66131c7', '4ea14665-4eeb-4f65-a853-633cb5b9a636'),
  ('b37c70c6-254a-4fac-9b8f-9639c7cdb463', '2026-07-20T15:00:00-06:00', '2026-07-20T17:00:00-06:00', 'Vespertino', 'activo', 'ee627f61-a572-4a69-a1d9-84f4194e03ed', '342bbaf8-13a5-4c45-86b3-73784aaf7831', '1db5175b-8c64-4bfa-928a-bf9d968d74ff', '506d5a57-cb00-4a1f-ba1f-97afcbfd916d'),
  ('45d78bcf-4cce-4070-abb5-337f966db3f7', '2026-07-20T17:00:00-06:00', '2026-07-20T19:00:00-06:00', 'Vespertino', 'activo', 'ee627f61-a572-4a69-a1d9-84f4194e03ed', '342bbaf8-13a5-4c45-86b3-73784aaf7831', '86d70082-ae08-43a8-85ac-ee44fa286a95', 'be8f1412-a80b-4ce2-8ca7-6445c23a1020'),
  ('9b3c4799-f3a9-4e86-a3d7-fe010a0212da', '2026-07-20T07:00:00-06:00', '2026-07-20T09:00:00-06:00', 'Matutino', 'activo', 'ee627f61-a572-4a69-a1d9-84f4194e03ed', '94641008-ac8f-40bf-a5f1-07a5214b0c88', 'c167e0eb-c216-4a14-83d2-c26538daf8cb', '1341821a-a040-4bd1-b9b3-57f629181729'),
  ('9f9c6b7e-26d5-41be-a535-b1dbe1f53637', '2026-07-20T09:00:00-06:00', '2026-07-20T11:00:00-06:00', 'Matutino', 'activo', 'ee627f61-a572-4a69-a1d9-84f4194e03ed', '94641008-ac8f-40bf-a5f1-07a5214b0c88', 'a731e802-1c5d-4e7d-9080-53019bbc999b', '52134d75-4eb4-411b-8dc9-3cc64219ad6d'),
  ('1745e737-72da-4c26-9753-6b8d86fdd539', '2026-07-20T11:00:00-06:00', '2026-07-20T13:00:00-06:00', 'Matutino', 'activo', 'ee627f61-a572-4a69-a1d9-84f4194e03ed', '94641008-ac8f-40bf-a5f1-07a5214b0c88', '35718531-87e4-42d2-87a2-6a9d9d5838a6', 'cfcb5969-68d8-41bf-9ca6-209ecfc34897'),
  ('3e9a3953-a8c9-4d77-9eff-b284917a93bc', '2026-07-20T13:00:00-06:00', '2026-07-20T15:00:00-06:00', 'Matutino', 'activo', 'ee627f61-a572-4a69-a1d9-84f4194e03ed', '94641008-ac8f-40bf-a5f1-07a5214b0c88', '763cbe76-6929-4fe8-942d-d6d3b04d495e', 'cfcb5969-68d8-41bf-9ca6-209ecfc34897'),
  ('f2e01af3-c677-44b4-ad2d-292bd5423157', '2026-07-20T15:00:00-06:00', '2026-07-20T17:00:00-06:00', 'Vespertino', 'activo', 'ee627f61-a572-4a69-a1d9-84f4194e03ed', '94641008-ac8f-40bf-a5f1-07a5214b0c88', 'dae5b580-b6d5-4474-b6d9-41c3347b7c74', '3b087ed6-cff5-4aa8-a5b5-5894f5e42686'),
  ('bbf64d4d-433f-4681-bfa6-1b1792f19548', '2026-07-20T17:00:00-06:00', '2026-07-20T19:00:00-06:00', 'Vespertino', 'activo', 'ee627f61-a572-4a69-a1d9-84f4194e03ed', '94641008-ac8f-40bf-a5f1-07a5214b0c88', '48e61301-a273-45e5-baeb-3c750097b92e', '470f90d7-3dfe-402a-9519-163bff3c023d'),
  ('02fe2fb6-ed43-4f25-bb76-5efdd786d252', '2026-07-27T07:00:00-06:00', '2026-07-27T09:00:00-06:00', 'Matutino', 'activo', 'ee627f61-a572-4a69-a1d9-84f4194e03ed', '47ba6602-6a92-4449-b039-ae327d171301', '1bb0f676-3bea-4117-b681-c4fa8fb61feb', 'a82e83a7-8314-4125-9173-6df86d513fd7'),
  ('9c8ecfda-779d-411b-b260-a207f85816e6', '2026-07-27T09:00:00-06:00', '2026-07-27T11:00:00-06:00', 'Matutino', 'activo', 'ee627f61-a572-4a69-a1d9-84f4194e03ed', '47ba6602-6a92-4449-b039-ae327d171301', 'c827df3c-8000-4dd6-ba65-8ef227983f8d', '41fe43ec-9f36-4327-b952-b9f158a86e6d'),
  ('a2842abe-3061-4e5e-bc33-729e0c766ff2', '2026-07-27T11:00:00-06:00', '2026-07-27T13:00:00-06:00', 'Matutino', 'activo', 'ee627f61-a572-4a69-a1d9-84f4194e03ed', '47ba6602-6a92-4449-b039-ae327d171301', '25ce230d-eb8c-46b0-8b83-08d27db1aafa', '5ebf9ad8-58ef-4cb0-85a7-d400c7a1ede0'),
  ('1eed43e4-c404-410c-8d86-f152eb51bb68', '2026-07-27T13:00:00-06:00', '2026-07-27T15:00:00-06:00', 'Matutino', 'activo', 'ee627f61-a572-4a69-a1d9-84f4194e03ed', '47ba6602-6a92-4449-b039-ae327d171301', 'c9288da5-bd74-43b2-ab6e-db6ff1e10e0b', '393603e0-c775-46a0-b580-cc54c9e9dd6b'),
  ('456d5e01-e434-4a3f-a412-d2b8d2b466f1', '2026-07-27T15:00:00-06:00', '2026-07-27T17:00:00-06:00', 'Vespertino', 'activo', 'ee627f61-a572-4a69-a1d9-84f4194e03ed', '47ba6602-6a92-4449-b039-ae327d171301', 'f81f7a2c-1973-401e-a0bb-7e8b5e65e827', 'a82e83a7-8314-4125-9173-6df86d513fd7'),
  ('ba59af71-ea82-4efd-a056-dccaaf4d5702', '2026-07-27T07:00:00-06:00', '2026-07-27T09:00:00-06:00', 'Matutino', 'activo', 'ee627f61-a572-4a69-a1d9-84f4194e03ed', '2cda9850-5f92-4e2c-b5a4-e6d3e9c5371b', '6d5c92ab-8291-455b-9f5a-fcd15eb27f0c', '2e5b85ab-97cc-447b-ab7d-d561d42ba5d4'),
  ('afeb6a7b-d165-4bd4-9bda-cc323052249f', '2026-07-27T09:00:00-06:00', '2026-07-27T11:00:00-06:00', 'Matutino', 'activo', 'ee627f61-a572-4a69-a1d9-84f4194e03ed', '2cda9850-5f92-4e2c-b5a4-e6d3e9c5371b', '289ba1e8-fc86-4dee-a229-fba0972fb05a', '06de66ff-8bd4-4896-8c09-9837ce800537'),
  ('b7baea23-07bb-4877-b87d-c1ec4a795a9c', '2026-07-06T07:00:00-06:00', '2026-07-06T09:00:00-06:00', 'Matutino', 'activo', 'ee627f61-a572-4a69-a1d9-84f4194e03ed', '12345f94-468c-48af-8fc6-d5ee3d2d01ff', '0093b97b-6bea-4d24-8a3e-c54a231b1162', 'a3fbf123-0cce-4b03-a922-f5fb36fa57e4'),
  ('fb55a5cb-ee76-472c-b383-931eb2faa1eb', '2026-07-06T09:00:00-06:00', '2026-07-06T11:00:00-06:00', 'Matutino', 'activo', 'ee627f61-a572-4a69-a1d9-84f4194e03ed', '12345f94-468c-48af-8fc6-d5ee3d2d01ff', '0486aba1-697e-4dd9-ae2f-972dd011f77f', '8a070dc8-823e-47a6-ac72-ff3455d53fdf'),
  ('cd0c15dd-8bdb-43f6-83a9-04f8320bbdfa', '2026-07-06T11:00:00-06:00', '2026-07-06T13:00:00-06:00', 'Matutino', 'activo', 'ee627f61-a572-4a69-a1d9-84f4194e03ed', '12345f94-468c-48af-8fc6-d5ee3d2d01ff', '89d4a6f1-00fa-4ed7-a035-18c8d7cfba3e', '0f57462e-4b72-4b6f-991b-5b63a24afbaa'),
  ('2524f912-9887-4f53-87b8-b604163e85f8', '2026-07-06T13:00:00-06:00', '2026-07-06T15:00:00-06:00', 'Matutino', 'activo', 'ee627f61-a572-4a69-a1d9-84f4194e03ed', '12345f94-468c-48af-8fc6-d5ee3d2d01ff', '00202783-f0d6-4d74-be13-5c3351c620be', '046aa9f4-74cb-48f5-933f-70fa03f257a1'),
  ('9a4b0d69-3ba2-4e2c-9c9f-8b2659c2dbe1', '2026-07-06T15:00:00-06:00', '2026-07-06T17:00:00-06:00', 'Vespertino', 'activo', 'ee627f61-a572-4a69-a1d9-84f4194e03ed', '12345f94-468c-48af-8fc6-d5ee3d2d01ff', '25bfec5c-3630-498a-b394-2254062124e0', 'fb9b8db4-04fd-48b2-975a-aee366bc6f90'),
  ('079ba2f6-6166-47d4-bbc2-04106ca8ce3a', '2026-07-06T17:00:00-06:00', '2026-07-06T19:00:00-06:00', 'Vespertino', 'activo', 'ee627f61-a572-4a69-a1d9-84f4194e03ed', '12345f94-468c-48af-8fc6-d5ee3d2d01ff', '5f391294-e264-4fd8-8d3d-505f1c7dbcae', 'b98991df-baf3-4abf-8cba-1875d446703a'),
  ('5560663d-0da7-4596-8b97-d26d80c4daa0', '2026-07-13T07:00:00-06:00', '2026-07-13T09:00:00-06:00', 'Matutino', 'activo', 'ee627f61-a572-4a69-a1d9-84f4194e03ed', '609a8e31-f949-48c3-adc1-40c889eb8890', 'd4a9d593-774e-4d37-925e-59c4c40c18be', 'c35bfdfe-7b13-42fb-a8a9-556de02bf949'),
  ('746d6a2b-86be-4457-8a72-21a45a37e9ff', '2026-07-13T09:00:00-06:00', '2026-07-13T11:00:00-06:00', 'Matutino', 'activo', 'ee627f61-a572-4a69-a1d9-84f4194e03ed', '86a1c416-916c-47f0-9b65-c1ef6c20f4a5', 'b328efc5-2065-49f5-8d8f-855619e76073', '41c6af13-a113-41ae-9700-2487882e7c73'),
  ('8becc054-488e-4e08-b9b5-5c0d898985b2', '2026-07-13T11:00:00-06:00', '2026-07-13T13:00:00-06:00', 'Matutino', 'activo', 'ee627f61-a572-4a69-a1d9-84f4194e03ed', '86a1c416-916c-47f0-9b65-c1ef6c20f4a5', '07daf443-3dc7-42b1-b688-d678f4ac0d05', '89ca1aa8-3222-48a8-94a1-dc18907fefbc'),
  ('dcd12bf6-1504-4164-8abd-3c38aea62c2d', '2026-07-13T13:00:00-06:00', '2026-07-13T15:00:00-06:00', 'Matutino', 'activo', 'ee627f61-a572-4a69-a1d9-84f4194e03ed', '86a1c416-916c-47f0-9b65-c1ef6c20f4a5', '38242f4f-2997-46d3-963a-096662e0f7e5', '1619c95a-bc10-4840-91e9-0ec096a1c396'),
  ('1568b21b-3349-48ae-bfa3-3877a499193b', '2026-07-13T15:00:00-06:00', '2026-07-13T17:00:00-06:00', 'Vespertino', 'activo', 'ee627f61-a572-4a69-a1d9-84f4194e03ed', '86a1c416-916c-47f0-9b65-c1ef6c20f4a5', 'e6e7236c-d055-4bda-8c3c-69b22ea5b65b', 'c7f8f0b4-a5eb-4492-b27b-f7bb02c70963'),
  ('d49f88dd-461d-4f64-81c0-226cdd019100', '2026-07-13T17:00:00-06:00', '2026-07-13T19:00:00-06:00', 'Vespertino', 'activo', 'ee627f61-a572-4a69-a1d9-84f4194e03ed', '86a1c416-916c-47f0-9b65-c1ef6c20f4a5', 'ca88ae11-fbb9-4ae1-b716-095837cd30ea', 'dfaa13d0-1a5a-4b75-a50d-9b4f6c2e1e94'),
  ('fe4059a8-867f-4ad7-950f-934e13aec4e8', '2026-07-13T07:00:00-06:00', '2026-07-13T09:00:00-06:00', 'Matutino', 'activo', 'ee627f61-a572-4a69-a1d9-84f4194e03ed', 'e3cd30b8-53d6-4ba8-a282-9f82a0c7b8e8', '64838b15-4efc-47a2-aac1-d7109626881c', 'cc24bb0d-71a6-45ab-9f32-62937666e839'),
  ('22df1c4d-d912-4816-927d-38c1ced9e581', '2026-07-13T09:00:00-06:00', '2026-07-13T11:00:00-06:00', 'Matutino', 'activo', 'ee627f61-a572-4a69-a1d9-84f4194e03ed', 'cd54d5b3-0597-4df1-afe3-40dfffcb471b', 'f19c6e37-d6cb-4359-957a-a51c31912166', 'fb33d5c6-f72c-45f4-9a06-bf2bfbbd9d00'),
  ('0df2ad9e-4db0-4ce6-963f-9973ef6e5bbd', '2026-07-13T11:00:00-06:00', '2026-07-13T13:00:00-06:00', 'Matutino', 'activo', 'ee627f61-a572-4a69-a1d9-84f4194e03ed', 'eca8ac08-cc60-4fb9-b154-3e9074b97ff7', '6c7eb52e-eea5-425f-902d-067b9237acb0', 'd9f1525d-9860-4695-9b5f-545aaf1d2bb0'),
  ('8ae7f9b7-91f2-4cc7-aecb-fc39e36b3328', '2026-07-13T13:00:00-06:00', '2026-07-13T15:00:00-06:00', 'Matutino', 'activo', 'ee627f61-a572-4a69-a1d9-84f4194e03ed', 'cd54d5b3-0597-4df1-afe3-40dfffcb471b', '30206d98-25e9-44c7-b76e-e507cf233fc7', '19dfe0fd-5c65-4034-83d2-bd16dcc0ea17'),
  ('0ac9777e-0d1f-4ca3-b077-fce347e4784e', '2026-07-13T15:00:00-06:00', '2026-07-13T17:00:00-06:00', 'Vespertino', 'activo', 'ee627f61-a572-4a69-a1d9-84f4194e03ed', 'cd54d5b3-0597-4df1-afe3-40dfffcb471b', '62b61efd-1570-4383-a573-dc61b99ff2c0', '54fd912a-8c99-4002-8df2-bc8c7b25276a'),
  ('bce2c50e-42c6-4e09-9322-eff306316801', '2026-07-13T17:00:00-06:00', '2026-07-13T19:00:00-06:00', 'Vespertino', 'activo', 'ee627f61-a572-4a69-a1d9-84f4194e03ed', 'cd54d5b3-0597-4df1-afe3-40dfffcb471b', '4e9a2c1b-ff31-48c1-923a-67637bcab3cf', 'd94271e5-ce63-4397-b8b2-5d7ec45055c7'),
  ('d51aa1cb-9d4c-4da9-b940-148f190f3aec', '2026-07-20T07:00:00-06:00', '2026-07-20T09:00:00-06:00', 'Matutino', 'activo', 'ee627f61-a572-4a69-a1d9-84f4194e03ed', '87fe9885-ed50-4dff-a7c2-0b8bdd04cb0f', 'c8e3924f-ed0a-401a-ad1f-63cb0a7579f1', 'bf7f0c75-9ea1-4c2b-8115-5515704ece9e'),
  ('937a7254-f7d0-4d02-a0c9-98f6f229f827', '2026-07-20T09:00:00-06:00', '2026-07-20T11:00:00-06:00', 'Matutino', 'activo', 'ee627f61-a572-4a69-a1d9-84f4194e03ed', '87fe9885-ed50-4dff-a7c2-0b8bdd04cb0f', '7173849d-1c97-46b4-b296-00a6a0c917d2', '21366353-dfc2-4c47-8f8c-1f677c80a34b'),
  ('fa868f59-e709-498d-bac5-c1c257b7230b', '2026-07-20T11:00:00-06:00', '2026-07-20T13:00:00-06:00', 'Matutino', 'activo', 'ee627f61-a572-4a69-a1d9-84f4194e03ed', '87fe9885-ed50-4dff-a7c2-0b8bdd04cb0f', '06603ecf-cf67-4334-b66b-15751fd62a54', 'ff559088-03cc-4945-8bb1-1553e7367772'),
  ('e9d9a01b-6b6e-4444-8072-2a2ea62fcf3d', '2026-07-20T13:00:00-06:00', '2026-07-20T15:00:00-06:00', 'Matutino', 'activo', 'ee627f61-a572-4a69-a1d9-84f4194e03ed', '87fe9885-ed50-4dff-a7c2-0b8bdd04cb0f', '0903b4ab-ed70-43bf-868c-6dc7c7ad74bf', 'ac3ce950-ec48-45fc-8422-489455f2fa55'),
  ('452a8759-de39-4642-9d9e-48106cda9663', '2026-07-20T15:00:00-06:00', '2026-07-20T17:00:00-06:00', 'Vespertino', 'activo', 'ee627f61-a572-4a69-a1d9-84f4194e03ed', '87fe9885-ed50-4dff-a7c2-0b8bdd04cb0f', 'c61df54e-d56a-4c7a-b316-24c7d4b739a1', '53959e62-127e-4d9c-9f82-bfb7a308b035'),
  ('821d9b61-239d-41b4-b15a-c994fe7862a1', '2026-07-20T17:00:00-06:00', '2026-07-20T19:00:00-06:00', 'Vespertino', 'activo', 'ee627f61-a572-4a69-a1d9-84f4194e03ed', '87fe9885-ed50-4dff-a7c2-0b8bdd04cb0f', '2606a2c7-976c-4605-813f-9ea962482753', '9b0acac6-5f44-438d-abfc-8e06f4fe9f79'),
  ('d7ca31c8-9b1d-4ee6-b846-0be0e5102ee7', '2026-07-20T07:00:00-06:00', '2026-07-20T09:00:00-06:00', 'Matutino', 'activo', 'ee627f61-a572-4a69-a1d9-84f4194e03ed', '87fe9885-ed50-4dff-a7c2-0b8bdd04cb0f', '5a34225a-5de8-49b4-895b-ad1591c59d2f', '447c173b-b7ca-4258-92a1-b86a20c5e26b'),
  ('38702c59-ccc7-4267-a03f-89fffe4fd45c', '2026-07-20T09:00:00-06:00', '2026-07-20T11:00:00-06:00', 'Matutino', 'activo', 'ee627f61-a572-4a69-a1d9-84f4194e03ed', '87fe9885-ed50-4dff-a7c2-0b8bdd04cb0f', 'aa47a9ca-d9e9-4cee-a9d5-bfa38b2cc365', '393603e0-c775-46a0-b580-cc54c9e9dd6b'),
  ('2b14b7e0-10ca-4039-8584-61ad676500fe', '2026-07-20T11:00:00-06:00', '2026-07-20T13:00:00-06:00', 'Matutino', 'activo', 'ee627f61-a572-4a69-a1d9-84f4194e03ed', '87fe9885-ed50-4dff-a7c2-0b8bdd04cb0f', '2cc1fda6-19dc-46b2-a0d9-bd7edcf3c679', 'a87e13d1-b425-4ce4-8fa5-a23e397c0e27'),
  ('6bc6f809-35ae-442a-abdc-c67fa45a1688', '2026-07-20T13:00:00-06:00', '2026-07-20T15:00:00-06:00', 'Matutino', 'activo', 'ee627f61-a572-4a69-a1d9-84f4194e03ed', '87fe9885-ed50-4dff-a7c2-0b8bdd04cb0f', '7648e5a5-b39a-4557-a884-a6d62c2557a4', '7fa308da-2e92-4a63-8a5b-f9f1eb8d6be7'),
  ('a77b90f4-32e7-4687-a233-015e0f6c7626', '2026-07-20T15:00:00-06:00', '2026-07-20T17:00:00-06:00', 'Vespertino', 'activo', 'ee627f61-a572-4a69-a1d9-84f4194e03ed', '87fe9885-ed50-4dff-a7c2-0b8bdd04cb0f', 'a18cbf2c-f840-450a-b0f5-c4baa3c6d5d0', '393603e0-c775-46a0-b580-cc54c9e9dd6b'),
  ('984ffdf9-a115-43d1-a7c1-10e90afb3d35', '2026-07-20T17:00:00-06:00', '2026-07-20T19:00:00-06:00', 'Vespertino', 'activo', 'ee627f61-a572-4a69-a1d9-84f4194e03ed', '87fe9885-ed50-4dff-a7c2-0b8bdd04cb0f', 'e969987c-46b5-4525-96ea-86918376dae2', '6a849ffa-02c3-4213-a019-03d932e1ef92'),
  ('25c50caf-c637-46aa-813b-bb8f7b073f12', '2026-07-27T07:00:00-06:00', '2026-07-27T09:00:00-06:00', 'Matutino', 'activo', 'ee627f61-a572-4a69-a1d9-84f4194e03ed', '87fe9885-ed50-4dff-a7c2-0b8bdd04cb0f', '688ad00e-cf02-412e-9d86-807073015dc6', '40c3edbd-1a9b-496e-ba51-751c32fe222e'),
  ('9fe8ea4c-a29d-4666-9dc9-b7d21546e13f', '2026-07-27T09:00:00-06:00', '2026-07-27T11:00:00-06:00', 'Matutino', 'activo', 'ee627f61-a572-4a69-a1d9-84f4194e03ed', '87fe9885-ed50-4dff-a7c2-0b8bdd04cb0f', '835c3498-67d4-46f7-852a-621e16c8e935', 'cee487ce-c41d-4e39-a89d-0f21e551f7a7'),
  ('ba8363c3-8077-4078-8f39-31e65798fb66', '2026-07-27T11:00:00-06:00', '2026-07-27T13:00:00-06:00', 'Matutino', 'activo', 'ee627f61-a572-4a69-a1d9-84f4194e03ed', '87fe9885-ed50-4dff-a7c2-0b8bdd04cb0f', '8bc1faf3-25fa-4ba9-bad0-d118fcda4845', 'e0a7a8be-8b40-44fb-b567-43baf8eda50c'),
  ('67337b6d-8fc5-42e7-b15b-fde675abb729', '2026-07-27T07:00:00-06:00', '2026-07-27T09:00:00-06:00', 'Matutino', 'activo', 'ee627f61-a572-4a69-a1d9-84f4194e03ed', '87fe9885-ed50-4dff-a7c2-0b8bdd04cb0f', '731c4310-3b8a-44be-b534-fa671830d336', '7631fc39-df3f-4180-8cde-e5afe248f0e6'),
  ('109f439d-1d82-4608-9e14-e630d4faa8a5', '2026-07-27T09:00:00-06:00', '2026-07-27T11:00:00-06:00', 'Matutino', 'activo', 'ee627f61-a572-4a69-a1d9-84f4194e03ed', '87fe9885-ed50-4dff-a7c2-0b8bdd04cb0f', 'c4f3980c-c18e-44cd-a961-f43c3dcbafb7', '7cf0dc5e-f663-4432-8efd-8a301789ff10');

-- ============================================================
-- FIN DE MIGRACIÓN
-- ============================================================
